"pitches","player_id","player_name","total_pitches","pitch_percent","ba","iso","babip","slg","woba","xwoba","xba","hits","abs","launch_speed","launch_angle","spin_rate","velocity","effective_speed","whiffs","swings","takes","eff_min_vel","release_extension"
"94",488862,"Yunel Escobar","447","21.03","0.266","0.117","0.250","0.383","0.281","0.351","0.316","25","94","88.9","0.6","2168","89.2","88.61","0","94","0","-0.6","6.01"
"93",502517,"Daniel Murphy","377","24.67","0.387","0.280","0.352","0.667","0.449","0.380","0.340","36","93","88.3","15.8","2168","88.4","87.96","0","93","0","-0.4","6.13"
"89",429664,"Robinson Cano","421","21.14","0.295","0.205","0.259","0.500","0.336","0.374","0.334","26","88","89.6","6.5","2156","87.7","87.08","0","89","0","-0.6","5.87"
"89",453568,"Charlie Blackmon","470","18.94","0.360","0.372","0.300","0.733","0.443","0.399","0.345","31","86","88.4","13.8","2146","88.8","88.43","0","89","0","-0.4","6.02"
"88",500208,"Yangervis Solarte","350","25.14","0.322","0.126","0.302","0.448","0.331","0.321","0.305","28","87","85.8","11.8","2164","86.8","85.95","0","88","0","-0.9","5.79"
"88",572041,"A.J. Pollock","423","20.80","0.386","0.193","0.372","0.580","0.416","0.345","0.318","34","88","89.0","7.7","2212","89.6","88.89","0","88","0","-0.7","5.90"
"88",622534,"Manuel Margot","408","21.57","0.330","0.182","0.306","0.511","0.362","0.308","0.292","29","88","85.7","6.2","2280","86.8","85.90","0","88","0","-0.9","5.77"
"88",607680,"Kevin Pillar","408","21.57","0.356","0.241","0.325","0.598","0.403","0.353","0.314","31","87","86.7","14.7","2263","89.5","88.84","0","88","0","-0.7","5.96"
"87",456488,"Eduardo Nunez","319","27.27","0.267","0.047","0.264","0.314","0.254","0.237","0.242","23","86","85.5","0.5","2235","88.5","87.81","0","87","0","-0.7","5.97"
"85",571448,"Nolan Arenado","415","20.48","0.345","0.381","0.282","0.726","0.443","0.418","0.329","29","84","88.5","18.7","2247","89.0","88.51","0","85","0","-0.5","5.95"
"85",467793,"Carlos Santana","471","18.05","0.259","0.165","0.241","0.424","0.292","0.345","0.299","22","85","89.3","11.4","2188","89.7","89.31","0","85","0","-0.4","6.05"
"83",405395,"Albert Pujols","421","19.71","0.293","0.146","0.263","0.439","0.313","0.347","0.312","24","82","85.9","10.6","2224","89.4","88.81","0","83","0","-0.6","6.00"
"83",649557,"Aledmys Diaz","274","30.29","0.241","0.193","0.203","0.434","0.287","0.278","0.249","20","83","86.4","14.1","2200","88.9","88.41","0","83","0","-0.5","5.95"
"82",542255,"Ender Inciarte","363","22.59","0.280","0.207","0.244","0.488","0.327","0.278","0.252","23","82","81.2","7.4","2161","88.6","87.65","0","82","0","-0.9","5.85"
"82",519203,"Anthony Rizzo","422","19.43","0.305","0.280","0.250","0.585","0.376","0.376","0.321","25","82","88.2","17.8","2239","88.1","87.76","0","82","0","-0.3","6.09"
"81",606299,"Jose Peraza","340","23.82","0.259","0.037","0.259","0.296","0.246","0.289","0.300","21","81","81.9","8.4","2113","88.8","87.99","0","81","0","-0.8","5.94"
"81",543829,"Dee Gordon","349","23.21","0.346","0.086","0.346","0.432","0.341","0.278","0.275","28","81","80.4","-0.4","2181","90.1","89.36","0","81","0","-0.7","6.00"
"81",592743,"Andrelton Simmons","386","20.98","0.333","0.136","0.308","0.469","0.349","0.336","0.319","27","81","88.9","9.2","2235","90.3","89.89","0","81","0","-0.4","5.98"
"81",596019,"Francisco Lindor","407","19.90","0.372","0.397","0.301","0.769","0.460","0.452","0.345","29","78","89.7","12.0","2075","87.0","86.29","0","81","0","-0.7","5.97"
"81",518934,"DJ LeMahieu","430","18.84","0.309","0.123","0.300","0.432","0.322","0.337","0.330","25","81","88.0","2.6","2186","88.2","87.81","0","81","0","-0.4","5.95"
"81",592885,"Christian Yelich","404","20.05","0.354","0.165","0.312","0.519","0.370","0.384","0.343","28","79","90.7","4.1","2136","89.9","89.17","0","81","0","-0.7","6.11"
"80",571976,"Wil Myers","453","17.66","0.443","0.405","0.384","0.848","0.538","0.463","0.392","35","79","90.7","13.1","2242","88.8","87.87","0","80","0","-0.9","5.75"
"80",462101,"Elvis Andrus","343","23.32","0.325","0.200","0.299","0.525","0.364","0.354","0.324","26","80","87.5","10.2","2281","88.1","87.55","0","80","0","-0.6","6.04"
"80",457759,"Justin Turner","352","22.73","0.450","0.175","0.443","0.625","0.467","0.448","0.389","36","80","91.0","15.8","2219","88.7","87.72","0","80","0","-1.0","5.88"
"79",458015,"Joey Votto","382","20.68","0.299","0.377","0.211","0.675","0.396","0.402","0.313","23","77","85.0","12.4","2134","88.5","87.81","0","79","0","-0.7","6.00"
"79",608365,"Addison Russell","393","20.10","0.316","0.177","0.299","0.494","0.348","0.317","0.284","25","79","88.5","17.5","2206","88.2","87.79","0","79","0","-0.4","6.07"
"79",594777,"Kole Calhoun","416","18.99","0.329","0.114","0.312","0.443","0.337","0.340","0.316","26","79","90.7","14.6","2189","88.7","88.40","0","79","0","-0.3","5.98"
"78",608070,"Jose Ramirez","419","18.62","0.395","0.316","0.333","0.711","0.458","0.406","0.359","30","76","90.0","19.9","2179","87.1","86.51","0","78","0","-0.6","6.02"
"78",596748,"Maikel Franco","383","20.37","0.250","0.197","0.203","0.447","0.289","0.403","0.368","19","76","90.9","8.2","2215","90.2","90.06","0","78","0","-0.1","6.22"
"77",643217,"Andrew Benintendi","377","20.42","0.400","0.173","0.365","0.573","0.412","0.345","0.323","30","75","86.8","12.1","2209","88.7","88.03","0","77","0","-0.7","5.93"
"77",430945,"Adam Jones","393","19.59","0.377","0.208","0.342","0.584","0.414","0.402","0.356","29","77","87.5","11.6","2189","87.4","86.44","0","77","0","-1.0","5.88"
"77",571740,"Billy Hamilton","419","18.38","0.267","0.040","0.263","0.307","0.247","0.285","0.301","20","75","78.8","12.4","2140","88.4","87.78","0","77","0","-0.6","5.96"
"77",608577,"Nomar Mazara","407","18.92","0.286","0.195","0.247","0.481","0.328","0.315","0.277","22","77","88.9","13.7","2164","88.2","87.73","0","77","0","-0.5","6.13"
"77",545361,"Mike Trout","482","15.98","0.474","0.447","0.414","0.921","0.580","0.446","0.387","36","76","88.5","11.7","2216","89.2","88.60","0","77","0","-0.6","6.02"
"76",476704,"Jed Lowrie","397","19.14","0.347","0.173","0.324","0.520","0.369","0.369","0.333","26","75","88.3","17.7","2197","87.8","87.16","0","76","0","-0.6","5.98"
"76",611177,"Adonis Garcia","390","19.49","0.263","0.105","0.243","0.368","0.275","0.332","0.320","20","76","87.9","3.4","2150","89.1","88.30","0","76","0","-0.8","5.88"
"76",502481,"Jarrod Dyson","313","24.28","0.257","0.041","0.250","0.297","0.239","0.234","0.229","19","74","77.9","7.2","2206","88.3","87.70","0","76","0","-0.6","5.81"
"76",452254,"Hunter Pence","415","18.31","0.338","0.095","0.320","0.432","0.329","0.339","0.308","25","74","89.4","8.1","2220","89.1","88.67","0","76","0","-0.4","6.06"
"76",596059,"Rougned Odor","377","20.16","0.250","0.224","0.208","0.474","0.306","0.325","0.270","19","76","90.2","20.9","2244","87.8","87.41","0","76","0","-0.4","6.04"
"75",543333,"Eric Hosmer","385","19.48","0.267","0.080","0.257","0.347","0.269","0.315","0.304","20","75","90.9","2.1","2258","88.7","88.51","0","75","0","-0.2","6.13"
"75",572821,"Brian Dozier","381","19.69","0.293","0.147","0.274","0.440","0.317","0.347","0.311","22","75","89.0","13.6","2196","89.4","88.98","0","75","0","-0.4","5.98"
"75",434778,"Kendrys Morales","399","18.80","0.293","0.200","0.254","0.493","0.337","0.436","0.370","22","75","89.9","7.6","2154","88.2","87.61","0","75","0","-0.6","5.98"
"75",516770,"Starlin Castro","388","19.33","0.427","0.240","0.386","0.667","0.471","0.358","0.313","32","75","88.6","10.1","2289","88.1","87.17","0","75","0","-0.9","5.92"
"75",605141,"Mookie Betts","370","20.27","0.320","0.160","0.301","0.480","0.345","0.315","0.305","24","75","87.8","16.5","2282","89.8","88.92","0","75","0","-0.9","5.91"
"74",592669,"Hunter Renfroe","379","19.53","0.297","0.243","0.246","0.541","0.356","0.372","0.307","22","74","88.8","11.8","2269","87.9","86.97","0","74","0","-0.9","5.81"
"74",452678,"Asdrubal Cabrera","381","19.42","0.297","0.108","0.278","0.405","0.307","0.302","0.283","22","74","82.8","10.4","2246","87.9","86.73","0","74","0","-1.2","6.01"
"74",444482,"David Peralta","376","19.68","0.411","0.233","0.380","0.644","0.447","0.386","0.350","30","73","91.9","3.3","2226","89.1","88.24","0","74","0","-0.9","5.85"
"74",605412,"Joe Panik","388","19.07","0.347","0.125","0.329","0.472","0.347","0.354","0.319","25","72","85.9","8.8","2139","89.5","88.87","0","74","0","-0.6","5.98"
"74",446334,"Evan Longoria","457","16.19","0.288","0.233","0.243","0.521","0.339","0.383","0.328","21","73","86.6","11.8","2243","88.0","86.80","0","74","0","-1.2","5.88"
"74",594809,"Adam Eaton","443","16.70","0.370","0.205","0.347","0.575","0.401","0.318","0.283","27","73","86.4","6.3","2157","89.5","89.11","0","74","0","-0.4","6.08"
"74",408045,"Joe Mauer","335","22.09","0.243","0.054","0.243","0.297","0.238","0.361","0.316","18","74","89.9","12.4","2192","89.8","89.03","0","74","0","-0.8","6.10"
"73",457803,"Jay Bruce","353","20.68","0.356","0.356","0.288","0.712","0.450","0.442","0.355","26","73","90.8","17.2","2182","89.5","88.81","0","73","0","-0.7","6.07"
"73",593871,"Jorge Polanco","330","22.12","0.282","0.113","0.264","0.394","0.286","0.256","0.246","20","71","83.2","17.5","2099","89.3","88.65","0","73","0","-0.7","6.08"
"73",592178,"Kris Bryant","477","15.30","0.389","0.306","0.348","0.694","0.453","0.356","0.296","28","72","86.1","19.2","2159","89.3","88.72","0","73","0","-0.6","6.11"
"73",400121,"Victor Martinez","400","18.25","0.264","0.069","0.250","0.333","0.259","0.318","0.298","19","72","90.8","12.7","2173","87.5","86.38","0","73","0","-1.1","5.93"
"73",502671,"Paul Goldschmidt","488","14.96","0.397","0.260","0.362","0.658","0.451","0.432","0.353","29","73","92.4","13.6","2350","88.9","87.99","0","73","0","-0.9","5.85"
"73",624577,"Yasiel Puig","380","19.21","0.296","0.254","0.235","0.549","0.349","0.380","0.318","21","71","89.8","10.4","2213","89.1","88.55","0","73","0","-0.6","5.94"
"73",435522,"Neil Walker","364","20.05","0.239","0.141","0.211","0.380","0.259","0.334","0.294","17","71","85.2","12.9","2138","88.1","87.36","0","73","0","-0.7","6.11"
"72",448602,"Mark Reynolds","421","17.10","0.394","0.408","0.313","0.803","0.497","0.376","0.314","28","71","86.9","5.5","2172","88.1","87.46","0","72","0","-0.6","5.93"
"72",547180,"Bryce Harper","464","15.52","0.500","0.486","0.429","0.986","0.626","0.496","0.392","36","72","90.8","12.0","2125","88.8","88.72","0","72","0","-0.1","6.07"
"71",471865,"Carlos Gonzalez","360","19.72","0.275","0.159","0.246","0.435","0.296","0.282","0.255","19","69","87.3","4.2","2136","89.1","88.68","0","71","0","-0.4","6.03"
"71",543685,"Anthony Rendon","459","15.47","0.352","0.169","0.324","0.521","0.378","0.358","0.312","25","71","89.1","11.7","2186","89.2","88.79","0","71","0","-0.4","6.07"
"71",444432,"Mark Trumbo","351","20.23","0.268","0.127","0.246","0.394","0.287","0.293","0.260","19","71","90.3","13.3","2172","87.3","86.28","0","71","0","-1.0","5.89"
"71",543768,"Travis Shaw","390","18.21","0.329","0.357","0.273","0.686","0.418","0.389","0.344","23","70","88.8","10.3","2186","88.3","87.07","0","71","0","-1.2","5.86"
"71",608369,"Corey Seager","411","17.27","0.414","0.300","0.364","0.714","0.475","0.566","0.469","29","70","92.9","8.6","2201","88.6","87.77","0","71","0","-0.8","5.89"
"71",435079,"Ian Kinsler","420","16.90","0.254","0.183","0.221","0.437","0.294","0.317","0.272","18","71","85.9","23.2","2213","88.1","87.45","0","71","0","-0.7","5.98"
"71",408236,"Adrian Gonzalez","347","20.46","0.310","0.070","0.310","0.380","0.304","0.317","0.297","22","71","87.8","13.0","2234","88.9","88.71","0","71","0","-0.2","5.97"
"71",460576,"Carlos Gomez","392","18.11","0.333","0.290","0.288","0.623","0.393","0.364","0.314","23","69","86.1","14.4","2239","88.8","88.30","0","71","0","-0.5","6.08"
"70",542340,"Jonathan Villar","438","15.98","0.314","0.186","0.284","0.500","0.350","0.336","0.302","22","70","87.1","1.9","2132","87.5","86.75","0","70","0","-0.7","5.89"
"70",514917,"Cesar Hernandez","398","17.59","0.443","0.286","0.409","0.729","0.501","0.390","0.333","31","70","86.0","2.3","2220","89.5","89.29","0","70","0","-0.2","6.14"
"70",518792,"Jason Heyward","348","20.11","0.343","0.157","0.313","0.500","0.366","0.353","0.330","24","70","90.1","9.3","2144","90.8","90.48","0","70","0","-0.3","6.18"
"70",451594,"Dexter Fowler","408","17.16","0.319","0.246","0.273","0.565","0.371","0.399","0.339","22","69","88.5","12.3","2152","89.1","88.04","0","70","0","-1.1","5.94"
"70",572008,"Chris Owings","328","21.34","0.400","0.257","0.364","0.657","0.453","0.402","0.365","28","70","89.0","8.4","2269","87.9","87.34","0","70","0","-0.6","5.87"
"70",520471,"Freddy Galvis","344","20.35","0.338","0.250","0.303","0.588","0.383","0.320","0.291","23","68","86.1","14.4","2174","89.6","89.31","0","70","0","-0.3","6.17"
"70",475582,"Ryan Zimmerman","354","19.77","0.536","0.594","0.441","1.130","0.689","0.544","0.424","37","69","92.7","12.4","2135","87.8","87.54","0","70","0","-0.3","6.10"
"70",572816,"Corey Dickerson","379","18.47","0.414","0.386","0.359","0.800","0.512","0.402","0.326","29","70","87.6","16.3","2270","86.7","85.32","0","70","0","-1.4","5.85"
"70",430947,"Erick Aybar","328","21.34","0.261","0.145","0.235","0.406","0.283","0.274","0.277","18","69","82.0","8.3","2169","88.8","87.76","0","70","0","-1.0","5.76"
"69",474568,"Jordy Mercer","390","17.69","0.261","0.101","0.239","0.362","0.272","0.316","0.297","18","69","85.3","12.8","2232","88.3","87.47","0","69","0","-0.8","5.99"
"69",641313,"Tim Anderson","333","20.72","0.275","0.130","0.254","0.406","0.295","0.340","0.293","19","69","83.2","15.1","2290","87.2","86.72","0","69","0","-0.5","6.02"
"69",592663,"J.T. Realmuto","299","23.08","0.377","0.145","0.358","0.522","0.391","0.375","0.356","26","69","87.3","10.7","2139","88.8","88.16","0","69","0","-0.6","5.94"
"69",457705,"Andrew McCutchen","387","17.83","0.309","0.206","0.273","0.515","0.347","0.338","0.303","21","68","86.1","16.6","2128","89.2","88.60","0","69","0","-0.6","6.02"
"69",595281,"Kevin Kiermaier","462","14.94","0.309","0.118","0.299","0.426","0.315","0.244","0.242","21","68","81.9","1.8","2224","87.2","86.26","0","69","0","-0.9","5.83"
"69",443558,"Nelson Cruz","438","15.75","0.424","0.409","0.339","0.833","0.507","0.465","0.386","28","66","93.2","14.7","2249","88.5","88.08","0","69","0","-0.4","5.86"
"69",408314,"Jose Reyes","338","20.41","0.217","0.159","0.194","0.377","0.253","0.217","0.206","15","69","83.0","16.9","2201","89.3","88.69","0","69","0","-0.6","6.10"
"69",543281,"Josh Harrison","338","20.41","0.353","0.147","0.328","0.500","0.365","0.293","0.273","24","68","85.1","18.6","2191","87.8","87.19","0","69","0","-0.6","6.00"
"68",518692,"Freddie Freeman","391","17.39","0.471","0.515","0.390","0.985","0.610","0.565","0.425","32","68","92.5","12.8","2153","89.2","88.22","0","68","0","-1.0","5.95"
"68",608324,"Alex Bregman","388","17.53","0.318","0.076","0.313","0.394","0.304","0.290","0.294","21","66","87.0","8.8","2233","90.2","89.45","0","68","0","-0.7","6.03"
"68",493329,"Yulieski Gurriel","258","26.36","0.382","0.176","0.364","0.559","0.407","0.334","0.304","26","68","89.0","5.9","2298","89.5","88.90","0","68","0","-0.6","5.85"
"68",592387,"Ryon Healy","372","18.28","0.338","0.235","0.308","0.574","0.389","0.385","0.324","23","68","87.9","14.0","2223","88.8","87.74","0","68","0","-1.1","5.96"
"68",456030,"Dustin Pedroia","342","19.88","0.328","0.015","0.324","0.343","0.296","0.317","0.320","22","67","86.9","11.9","2216","89.2","88.98","0","68","0","-0.2","6.00"
"68",570731,"Jonathan Schoop","303","22.44","0.354","0.308","0.286","0.662","0.411","0.392","0.340","23","65","88.1","16.3","2259","88.8","87.93","0","68","0","-0.9","5.95"
"68",592518,"Manny Machado","407","16.71","0.284","0.254","0.234","0.537","0.342","0.465","0.388","19","67","95.3","17.3","2160","88.1","87.35","0","68","0","-0.8","5.95"
"68",453056,"Jacoby Ellsbury","337","20.18","0.343","0.164","0.313","0.507","0.363","0.343","0.312","23","67","83.0","10.0","2234","90.1","89.26","0","68","0","-0.8","5.93"
"67",514888,"Jose Altuve","364","18.41","0.439","0.197","0.406","0.636","0.460","0.332","0.305","29","66","86.1","2.8","2265","88.4","87.97","0","67","0","-0.4","6.01"
"67",592696,"Eddie Rosario","327","20.49","0.333","0.121","0.313","0.455","0.339","0.272","0.255","22","66","84.7","8.2","2219","89.5","89.03","0","67","0","-0.5","6.08"
"67",455976,"Nick Markakis","401","16.71","0.409","0.167","0.394","0.576","0.421","0.427","0.400","27","66","88.0","9.4","2090","88.6","87.59","0","67","0","-1.0","5.91"
"67",594807,"Adam Duvall","377","17.77","0.333","0.409","0.250","0.742","0.442","0.415","0.323","22","66","89.2","19.2","2136","88.5","87.77","0","67","0","-0.7","5.94"
"67",408252,"Brandon Phillips","241","27.80","0.403","0.164","0.385","0.567","0.422","0.346","0.330","27","67","87.2","9.2","2174","89.5","88.60","0","67","0","-0.9","5.89"
"67",519306,"Steven Souza Jr.","428","15.65","0.470","0.303","0.435","0.773","0.524","0.373","0.344","31","66","89.9","12.2","2256","87.6","86.60","0","67","0","-1.0","5.89"
"67",519058,"Mike Moustakas","339","19.76","0.343","0.358","0.267","0.701","0.440","0.412","0.332","23","67","86.0","19.7","2194","88.3","87.96","0","67","0","-0.3","6.07"
"67",466320,"Melky Cabrera","319","21.00","0.303","0.106","0.288","0.409","0.306","0.350","0.335","20","66","89.1","13.3","2186","89.6","89.21","0","67","0","-0.4","6.14"
"67",592206,"Nick Castellanos","436","15.37","0.358","0.313","0.328","0.672","0.434","0.539","0.417","24","67","93.5","13.3","2155","87.6","86.90","0","67","0","-0.7","5.97"
"67",592273,"Brandon Drury","349","19.20","0.403","0.149","0.394","0.552","0.416","0.337","0.317","27","67","86.1","8.4","2227","88.2","87.24","0","67","0","-1.0","5.78"
"66",521692,"Salvador Perez","305","21.64","0.338","0.338","0.267","0.677","0.421","0.402","0.318","22","65","87.8","24.9","2212","87.2","87.03","0","66","0","-0.2","6.09"
"66",541645,"Avisail Garcia","309","21.36","0.485","0.333","0.443","0.818","0.557","0.513","0.398","32","66","88.9","11.3","2226","87.9","87.49","0","66","0","-0.4","6.07"
"66",553993,"Eugenio Suarez","394","16.75","0.409","0.348","0.361","0.758","0.494","0.478","0.406","27","66","88.6","11.2","2178","90.0","89.41","0","66","0","-0.6","6.04"
"66",434158,"Curtis Granderson","405","16.30","0.169","0.123","0.154","0.292","0.193","0.254","0.212","11","65","84.3","22.4","2249","89.5","88.30","0","66","0","-1.2","6.02"
"66",460086,"Alex Gordon","401","16.46","0.242","0.045","0.242","0.288","0.234","0.277","0.259","16","66","85.3","5.5","2213","87.2","86.56","0","66","0","-0.6","5.95"
"66",621020,"Dansby Swanson","380","17.37","0.212","0.106","0.188","0.318","0.230","0.299","0.271","14","66","89.3","10.4","2156","90.5","89.70","0","66","0","-0.8","5.95"
"66",543063,"Brandon Crawford","292","22.60","0.313","0.203","0.281","0.516","0.343","0.367","0.302","20","64","88.1","12.7","2206","89.1","88.52","0","66","0","-0.6","6.07"
"66",136860,"Carlos Beltran","349","18.91","0.318","0.136","0.297","0.455","0.336","0.307","0.296","21","66","86.3","7.7","2146","86.9","86.41","0","66","0","-0.5","5.85"
"65",460075,"Ryan Braun","379","17.15","0.385","0.400","0.310","0.785","0.492","0.447","0.367","25","65","92.2","7.8","2147","89.9","89.39","0","65","0","-0.5","5.97"
"65",571875,"Jake Lamb","404","16.09","0.422","0.328","0.367","0.750","0.491","0.437","0.372","27","64","89.0","7.7","2157","88.8","87.96","0","65","0","-0.8","5.82"
"65",543807,"George Springer","369","17.62","0.313","0.359","0.228","0.672","0.406","0.381","0.314","20","64","87.7","5.2","2236","88.2","87.69","0","65","0","-0.5","6.08"
"65",519048,"Mitch Moreland","418","15.55","0.369","0.277","0.349","0.646","0.431","0.470","0.383","24","65","91.4","13.9","2176","88.9","88.06","0","65","0","-0.8","5.86"
"65",444876,"Alcides Escobar","313","20.77","0.219","0.063","0.219","0.281","0.215","0.239","0.230","14","64","83.1","14.2","2202","88.3","88.06","0","65","0","-0.2","6.07"
"65",547989,"Jose Abreu","360","18.06","0.354","0.200","0.333","0.554","0.390","0.359","0.314","23","65","87.4","13.8","2262","89.2","88.63","0","65","0","-0.6","6.08"
"64",434670,"Hanley Ramirez","338","18.93","0.313","0.188","0.279","0.500","0.349","0.465","0.371","20","64","90.9","11.4","2236","89.7","88.68","0","64","0","-1.0","5.88"
"64",621043,"Carlos Correa","400","16.00","0.317","0.159","0.290","0.476","0.338","0.459","0.377","20","63","89.2","10.6","2278","89.5","88.75","0","64","0","-0.7","6.11"
"64",452104,"Chase Headley","393","16.28","0.391","0.250","0.361","0.641","0.441","0.380","0.333","25","64","87.3","12.8","2177","89.3","88.48","0","64","0","-0.8","5.90"
"64",570256,"Gregory Polanco","337","18.99","0.297","0.109","0.297","0.406","0.305","0.297","0.288","19","64","87.4","3.9","2198","88.0","87.26","0","64","0","-0.7","5.96"
"63",456715,"Lorenzo Cain","405","15.56","0.349","0.111","0.339","0.460","0.354","0.294","0.288","22","63","86.1","10.5","2210","87.2","87.08","0","63","0","-0.1","6.14"
"63",474832,"Brandon Belt","464","13.58","0.365","0.317","0.322","0.683","0.443","0.458","0.363","23","63","87.8","12.9","2143","88.6","87.85","0","63","0","-0.8","5.97"
"63",542303,"Marcell Ozuna","366","17.21","0.419","0.339","0.351","0.758","0.493","0.498","0.400","26","62","92.8","9.2","2229","87.6","86.62","0","63","0","-1.0","6.02"
"63",546318,"Odubel Herrera","383","16.45","0.349","0.206","0.317","0.556","0.389","0.368","0.330","22","63","86.0","3.3","2197","88.4","88.08","0","63","0","-0.3","6.07"
"63",630111,"Yasmany Tomas","325","19.38","0.403","0.403","0.345","0.806","0.500","0.451","0.348","25","62","92.8","8.9","2288","89.3","88.36","0","63","0","-0.9","5.87"
"63",593428,"Xander Bogaerts","317","19.87","0.365","0.048","0.365","0.413","0.345","0.261","0.269","23","63","85.8","4.2","2203","88.8","87.80","0","63","0","-1.0","5.86"
"63",502210,"Josh Reddick","312","20.19","0.361","0.148","0.339","0.508","0.365","0.380","0.372","22","61","85.4","16.8","2264","87.4","86.95","0","63","0","-0.5","6.02"
"62",430832,"Jose Bautista","499","12.42","0.267","0.100","0.246","0.367","0.267","0.355","0.318","16","60","89.4","21.6","2307","89.7","89.09","0","62","0","-0.6","5.94"
"62",425877,"Yadier Molina","265","23.40","0.322","0.119","0.295","0.441","0.316","0.321","0.321","19","59","86.3","7.5","2224","88.2","87.62","0","62","0","-0.6","6.02"
"62",606115,"Orlando Arcia","317","19.56","0.323","0.242","0.288","0.565","0.377","0.282","0.258","20","62","87.2","12.5","2184","88.5","88.04","0","62","0","-0.5","5.94"
"62",489149,"Logan Morrison","341","18.18","0.306","0.274","0.246","0.581","0.376","0.426","0.352","19","62","87.3","13.0","2170","87.9","87.36","0","62","0","-0.5","5.94"
"62",594988,"Scott Schebler","335","18.51","0.323","0.468","0.222","0.790","0.460","0.458","0.347","20","62","89.1","15.4","2124","88.0","87.02","0","62","0","-1.0","5.93"
"61",571506,"Justin Bour","360","16.94","0.300","0.250","0.246","0.550","0.355","0.459","0.365","18","60","93.7","7.2","2062","89.9","89.18","0","61","0","-0.7","6.11"
"61",591720,"Ronald Torreyes","196","31.12","0.344","0.131","0.333","0.475","0.357","0.309","0.294","21","61","86.0","13.7","2216","89.0","88.22","0","61","0","-0.8","5.96"
"61",429666,"J.J. Hardy","279","21.86","0.250","0.100","0.237","0.350","0.257","0.295","0.267","15","60","87.6","16.2","2277","88.0","87.06","0","61","0","-0.9","5.95"
"61",519317,"Giancarlo Stanton","397","15.37","0.383","0.383","0.296","0.767","0.477","0.490","0.394","23","60","92.5","13.2","2157","89.4","88.81","0","61","0","-0.6","6.00"
"61",581527,"Devon Travis","322","18.94","0.164","0.082","0.150","0.246","0.177","0.355","0.324","10","61","87.5","10.7","2306","88.8","87.96","0","61","0","-0.8","5.90"
"61",572122,"Kyle Seager","396","15.40","0.322","0.169","0.300","0.492","0.339","0.364","0.327","19","59","87.5","14.9","2218","89.1","88.40","0","61","0","-0.7","6.00"
"61",519346,"Eric Thames","459","13.29","0.475","0.639","0.360","1.115","0.661","0.507","0.388","29","61","89.6","11.7","2119","88.4","87.98","0","61","0","-0.4","5.96"
"60",571745,"Mitch Haniger","378","15.87","0.458","0.356","0.418","0.814","0.531","0.434","0.359","27","59","85.5","10.3","2175","87.9","87.26","0","60","0","-0.6","5.85"
"60",465041,"Francisco Cervelli","322","18.63","0.250","0.233","0.224","0.483","0.308","0.373","0.327","15","60","89.5","7.3","2189","88.6","88.02","0","60","0","-0.6","6.00"
"60",596146,"Max Kepler","337","17.80","0.356","0.237","0.328","0.593","0.398","0.342","0.315","21","59","88.8","11.1","2183","88.5","87.72","0","60","0","-0.8","6.03"
"60",446308,"Matt Wieters","303","19.80","0.367","0.283","0.321","0.650","0.433","0.352","0.298","22","60","86.9","14.1","2175","89.0","88.71","0","60","0","-0.3","6.10"
"60",488726,"Michael Brantley","329","18.24","0.400","0.317","0.345","0.717","0.475","0.457","0.396","24","60","89.3","10.6","2177","87.5","86.81","0","60","0","-0.7","5.95"
"59",435063,"Mike Napoli","403","14.64","0.220","0.203","0.179","0.424","0.272","0.362","0.305","13","59","86.4","16.0","2248","89.5","89.18","0","59","0","-0.3","6.15"
"59",543543,"Brad Miller","449","13.14","0.339","0.203","0.328","0.542","0.377","0.340","0.311","20","59","90.9","6.6","2255","87.8","86.68","0","59","0","-1.1","5.83"
"59",475253,"Justin Smoak","318","18.55","0.362","0.310","0.309","0.672","0.431","0.445","0.371","21","58","88.9","16.3","2266","89.2","88.58","0","59","0","-0.6","6.02"
"59",435263,"Brian McCann","310","19.03","0.328","0.172","0.286","0.500","0.352","0.389","0.341","19","58","89.7","9.0","2143","88.8","88.47","0","59","0","-0.3","5.98"
"59",592808,"Andrew Toles","282","20.92","0.288","0.271","0.222","0.559","0.358","0.368","0.305","17","59","86.6","7.2","2088","87.8","86.97","0","59","0","-0.8","5.99"
"58",518960,"Jonathan Lucroy","224","25.89","0.224","0.086","0.211","0.310","0.233","0.295","0.271","13","58","84.9","10.9","2179","90.2","89.93","0","58","0","-0.3","6.19"
"58",459431,"Michael Saunders","363","15.98","0.328","0.155","0.316","0.483","0.350","0.368","0.331","19","58","86.9","8.9","2189","89.2","88.65","0","58","0","-0.5","6.13"
"58",450314,"Ben Zobrist","357","16.25","0.276","0.224","0.236","0.500","0.329","0.292","0.273","16","58","85.6","10.5","2202","91.0","90.93","0","58","0","-0.1","6.11"
"58",656941,"Kyle Schwarber","498","11.65","0.328","0.224","0.291","0.552","0.376","0.408","0.341","19","58","86.0","17.2","2104","89.0","88.95","0","58","0","0.0","6.13"
"58",467827,"Gerardo Parra","284","20.42","0.362","0.190","0.327","0.552","0.395","0.360","0.329","21","58","83.0","0.9","2152","88.8","88.47","0","58","0","-0.3","6.03"
"57",595978,"Austin Hedges","319","17.87","0.291","0.382","0.200","0.673","0.387","0.384","0.315","16","55","87.9","17.5","2244","87.9","87.11","0","57","0","-0.8","5.84"
"57",545341,"Randal Grichuk","345","16.52","0.351","0.263","0.315","0.614","0.411","0.412","0.348","20","57","84.2","7.6","2183","88.2","87.36","0","57","0","-0.8","5.91"
"57",543939,"Kolten Wong","292","19.52","0.304","0.232","0.291","0.536","0.349","0.318","0.299","17","56","84.0","5.8","2153","88.3","87.82","0","57","0","-0.5","5.91"
"57",425783,"Shin-Soo Choo","365","15.62","0.351","0.211","0.315","0.561","0.392","0.362","0.323","20","57","87.5","9.0","2129","88.9","88.41","0","57","0","-0.5","6.12"
"56",572039,"Stephen Piscotty","357","15.69","0.291","0.182","0.259","0.473","0.321","0.417","0.338","16","55","86.4","5.8","2191","89.3","88.68","0","56","0","-0.6","5.96"
"55",578428,"Jose Iglesias","227","24.23","0.259","0.167","0.245","0.426","0.287","0.285","0.278","14","54","81.1","14.3","2303","88.2","87.42","0","55","0","-0.8","6.03"
"55",457787,"Danny Espinosa","352","15.63","0.278","0.222","0.231","0.500","0.325","0.349","0.277","15","54","84.0","14.7","2136","88.6","88.16","0","55","0","-0.4","5.95"
"55",446359,"Zack Cozart","391","14.07","0.463","0.333","0.444","0.796","0.525","0.347","0.339","25","54","84.9","10.4","2168","89.0","88.34","0","55","0","-0.7","6.00"
"55",502143,"Danny Valencia","334","16.47","0.241","0.167","0.222","0.407","0.271","0.287","0.248","13","54","88.2","11.6","2151","88.3","87.65","0","55","0","-0.7","5.86"
"55",501981,"Khris Davis","395","13.92","0.415","0.604","0.267","1.019","0.573","0.609","0.430","22","53","95.8","9.4","2231","88.9","88.22","0","55","0","-0.7","6.06"
"55",457763,"Buster Posey","271","20.30","0.418","0.091","0.407","0.509","0.409","0.348","0.346","23","55","89.6","12.0","2225","88.0","87.65","0","55","0","-0.3","6.06"
"54",605137,"Josh Bell","340","15.88","0.333","0.259","0.280","0.593","0.394","0.401","0.325","18","54","90.4","10.2","2191","90.7","90.18","0","54","0","-0.5","6.05"
"54",519083,"Derek Norris","276","19.57","0.250","0.096","0.226","0.346","0.250","0.331","0.307","13","52","87.9","20.3","2222","89.8","88.62","0","54","0","-1.2","6.04"
"54",518735,"Yasmani Grandal","322","16.77","0.308","0.250","0.260","0.558","0.354","0.343","0.309","16","52","88.4","5.5","2122","89.3","88.61","0","54","0","-0.7","5.95"
"53",542921,"Tim Beckham","321","16.51","0.423","0.346","0.375","0.769","0.496","0.486","0.413","22","52","89.9","9.6","2268","89.1","88.02","0","53","0","-1.1","5.93"
"53",493114,"Norichika Aoki","243","21.81","0.353","0.098","0.333","0.451","0.340","0.260","0.259","18","51","83.0","1.3","2193","88.9","88.50","0","53","0","-0.4","6.00"
"53",461858,"Trevor Plouffe","379","13.98","0.327","0.250","0.265","0.577","0.378","0.436","0.375","17","52","89.0","5.6","2197","87.3","86.57","0","53","0","-0.7","5.93"
"53",456078,"Welington Castillo","238","22.27","0.415","0.170","0.404","0.585","0.434","0.448","0.407","22","53","89.6","17.6","2213","87.5","86.54","0","53","0","-1.0","5.98"
"53",485567,"Ezequiel Carrera","288","18.40","0.392","0.118","0.380","0.510","0.380","0.299","0.293","20","51","80.7","0.1","2173","89.6","89.15","0","53","0","-0.4","6.04"
"53",457727,"Cameron Maybin","308","17.21","0.264","0.094","0.250","0.358","0.272","0.325","0.313","14","53","86.4","1.6","2219","88.7","87.94","0","53","0","-0.8","5.93"
"53",459964,"Matt Joyce","331","16.01","0.216","0.157","0.176","0.373","0.242","0.395","0.315","11","51","88.6","10.9","2198","87.0","86.09","0","53","0","-0.9","5.97"
"52",592450,"Aaron Judge","377","13.79","0.442","0.654","0.310","1.096","0.637","0.631","0.446","23","52","94.9","10.4","2309","89.2","88.51","0","52","0","-0.7","5.89"
"52",570267,"Domingo Santana","340","15.29","0.275","0.373","0.191","0.647","0.375","0.458","0.385","14","51","86.8","11.2","2190","88.5","87.63","0","52","0","-0.9","6.00"
"52",429665,"Edwin Encarnacion","456","11.40","0.340","0.260","0.277","0.600","0.386","0.494","0.421","17","50","91.0","12.6","2254","88.6","88.14","0","52","0","-0.5","6.01"
"52",544725,"Leury Garcia","208","25.00","0.353","0.216","0.320","0.569","0.388","0.349","0.324","18","51","85.7","-0.3","2211","88.8","87.85","0","52","0","-1.0","5.96"
"52",571466,"Tucker Barnhart","224","23.21","0.340","0.080","0.340","0.420","0.321","0.423","0.403","17","50","87.3","7.5","2133","90.0","89.35","0","52","0","-0.7","6.08"
"52",453064,"Troy Tulowitzki","216","24.07","0.294","0.137","0.275","0.431","0.308","0.293","0.280","15","51","85.1","13.4","2329","89.7","88.93","0","52","0","-0.8","6.00"
"52",572761,"Matt Carpenter","389","13.37","0.340","0.240","0.286","0.580","0.378","0.469","0.403","17","50","90.8","20.9","2112","87.2","87.00","0","52","0","-0.2","6.01"
"52",458731,"Brett Gardner","373","13.94","0.294","0.176","0.265","0.471","0.322","0.315","0.293","15","51","81.5","7.5","2171","88.9","87.87","0","52","0","-1.0","5.89"
"51",519390,"Stephen Vogt","251","20.32","0.260","0.140","0.240","0.400","0.278","0.325","0.317","13","50","82.4","12.6","2245","87.3","86.69","0","51","0","-0.6","6.00"
"51",596115,"Trevor Story","436","11.70","0.314","0.431","0.222","0.745","0.439","0.402","0.287","16","51","89.5","32.3","2210","89.5","89.39","0","51","0","-0.1","6.06"
"51",475174,"Yonder Alonso","316","16.14","0.373","0.314","0.319","0.686","0.449","0.467","0.370","19","51","89.0","20.0","2075","87.5","86.85","0","51","0","-0.6","5.93"
"50",600301,"Taylor Motter","332","15.06","0.320","0.440","0.244","0.760","0.447","0.470","0.372","16","50","92.5","16.4","2212","89.1","88.31","0","50","0","-0.8","5.94"
"50",493316,"Yoenis Cespedes","318","15.72","0.347","0.449","0.250","0.796","0.466","0.464","0.332","17","49","90.4","24.6","2218","88.5","87.60","0","50","0","-0.9","6.02"
"50",541650,"Hernan Perez","245","20.41","0.327","0.367","0.277","0.694","0.417","0.381","0.344","16","49","87.6","10.7","2169","88.9","88.24","0","50","0","-0.7","6.03"
"50",543068,"C.J. Cron","235","21.28","0.292","0.042","0.286","0.333","0.266","0.355","0.345","14","48","86.4","14.1","2253","87.6","86.85","0","50","0","-0.7","5.95"
"50",607385,"Tyler Collins","267","18.73","0.380","0.120","0.367","0.500","0.385","0.405","0.347","19","50","88.4","11.7","2053","86.2","85.30","0","50","0","-0.9","6.03"
"50",150029,"Jayson Werth","343","14.58","0.400","0.220","0.362","0.620","0.440","0.369","0.330","20","50","88.6","9.9","2257","89.8","89.74","0","50","0","-0.1","6.13"
"49",516416,"Jean Segura","228","21.49","0.396","0.188","0.370","0.583","0.415","0.352","0.316","19","48","88.8","10.5","2280","87.8","86.75","0","49","0","-1.0","5.79"
"49",467055,"Pablo Sandoval","294","16.67","0.271","0.208","0.217","0.479","0.313","0.390","0.313","13","48","91.2","12.0","2269","87.1","85.81","0","49","0","-1.3","5.73"
"49",501896,"David Freese","295","16.61","0.375","0.250","0.326","0.625","0.419","0.407","0.326","18","48","88.2","8.3","2193","88.1","87.71","0","49","0","-0.4","6.00"
"48",571830,"Tommy Joseph","260","18.46","0.255","0.106","0.234","0.362","0.263","0.278","0.265","12","47","88.1","13.2","2188","90.7","90.18","0","48","0","-0.5","6.13"
"48",594828,"Evan Gattis","228","21.05","0.383","0.234","0.348","0.617","0.420","0.349","0.311","18","47","87.7","18.7","2237","88.2","87.27","0","48","0","-0.9","6.08"
"48",572114,"Ryan Schimpf","400","12.00","0.239","0.413","0.119","0.652","0.351","0.329","0.249","11","46","82.7","32.8","2309","88.6","87.71","0","48","0","-0.9","5.74"
"48",608336,"Joey Gallo","403","11.91","0.354","0.563","0.244","0.917","0.523","0.573","0.387","17","48","94.8","23.8","2301","89.4","88.73","0","48","0","-0.7","5.97"
"48",607208,"Trea Turner","262","18.32","0.417","0.313","0.391","0.729","0.486","0.392","0.344","20","48","90.2","6.4","2292","90.4","90.38","0","48","0","0.0","6.25"
"47",543257,"Robbie Grossman","300","15.67","0.340","0.149","0.326","0.489","0.360","0.367","0.368","16","47","84.2","6.5","2102","88.3","87.48","0","47","0","-0.8","5.97"
"47",457708,"Justin Upton","337","13.95","0.426","0.404","0.357","0.830","0.530","0.495","0.391","20","47","88.4","10.6","2197","88.3","87.58","0","47","0","-0.7","5.97"
"47",448801,"Chris Davis","348","13.51","0.404","0.298","0.364","0.702","0.471","0.483","0.392","19","47","87.4","12.5","2203","87.6","86.50","0","47","0","-1.1","5.88"
"47",453943,"Todd Frazier","318","14.78","0.239","0.304","0.182","0.543","0.318","0.440","0.345","11","46","89.5","22.4","2249","87.5","87.03","0","47","0","-0.5","6.07"
"47",593934,"Miguel Sano","422","11.14","0.532","0.617","0.450","1.149","0.702","0.673","0.499","25","47","99.3","19.0","2117","88.4","87.72","0","47","0","-0.7","6.09"
"46",573135,"Tyler Saladino","353","13.03","0.341","0.114","0.341","0.455","0.332","0.294","0.292","15","44","85.0","7.1","2228","88.3","87.60","0","46","0","-0.7","6.01"
"45",407812,"Matt Holliday","373","12.06","0.386","0.341","0.317","0.727","0.461","0.441","0.355","17","44","91.7","8.4","2231","88.2","87.01","0","45","0","-1.2","5.74"
"45",434658,"Rajai Davis","214","21.03","0.273","0.205","0.250","0.477","0.311","0.251","0.243","12","44","84.9","12.8","2229","86.5","85.64","0","45","0","-0.9","6.02"
"45",575929,"Willson Contreras","282","15.96","0.356","0.222","0.326","0.578","0.400","0.372","0.312","16","45","84.4","4.8","2192","89.0","88.48","0","45","0","-0.5","6.05"
"44",519222,"Austin Romine","209","21.05","0.381","0.190","0.333","0.571","0.393","0.339","0.312","16","42","85.8","7.7","2270","88.0","87.21","0","44","0","-0.8","6.01"
"44",628338,"Guillermo Heredia","182","24.18","0.364","0.182","0.333","0.545","0.393","0.294","0.277","16","44","85.0","9.7","2171","87.1","86.18","0","44","0","-0.9","5.85"
"44",624424,"Michael Conforto","273","16.12","0.429","0.452","0.316","0.881","0.526","0.476","0.353","18","42","88.9","15.2","2114","90.6","90.18","0","44","0","-0.4","6.25"
"43",452655,"Denard Span","196","21.94","0.233","0.093","0.233","0.326","0.242","0.266","0.245","10","43","83.1","4.5","2204","91.1","90.58","0","43","0","-0.5","6.08"
"43",518595,"Travis d'Arnaud","209","20.57","0.279","0.372","0.205","0.651","0.386","0.363","0.293","12","43","88.7","13.5","2256","88.3","87.57","0","43","0","-0.7","5.94"
"43",461865,"Andrew Romine","210","20.48","0.333","0.167","0.317","0.500","0.360","0.321","0.286","14","42","84.0","10.3","2112","87.7","87.17","0","43","0","-0.5","6.12"
"43",455117,"Martin Maldonado","264","16.29","0.390","0.073","0.390","0.463","0.359","0.253","0.261","16","41","81.1","0.7","2261","88.9","88.17","0","43","0","-0.7","6.00"
"43",576397,"Jedd Gyorko","281","15.30","0.465","0.442","0.410","0.907","0.578","0.487","0.364","20","43","89.6","13.0","2148","88.8","88.71","0","43","0","-0.1","6.11"
"43",500743,"Miguel Rojas","196","21.94","0.293","0.073","0.286","0.366","0.276","0.313","0.316","12","41","82.9","9.7","2215","89.8","88.97","0","43","0","-0.8","6.07"
"43",444489,"Manny Pina","217","19.82","0.419","0.209","0.405","0.628","0.451","0.378","0.354","18","43","88.1","14.9","2226","87.2","86.53","0","43","0","-0.7","6.00"
"43",543510,"James McCann","265","16.23","0.214","0.357","0.105","0.571","0.316","0.461","0.319","9","42","89.1","19.9","2152","86.6","85.85","0","43","0","-0.8","6.00"
"43",455759,"Chris Young","234","18.38","0.302","0.047","0.302","0.349","0.288","0.297","0.293","13","43","88.0","11.4","2271","90.2","89.14","0","43","0","-1.1","5.90"
"42",408234,"Miguel Cabrera","234","17.95","0.357","0.262","0.308","0.619","0.417","0.572","0.434","15","42","94.9","17.8","2270","88.5","87.61","0","42","0","-0.9","5.98"
"42",431145,"Russell Martin","344","12.21","0.333","0.262","0.282","0.595","0.395","0.392","0.323","14","42","90.5","12.4","2315","90.6","90.00","0","42","0","-0.6","6.04"
"42",506702,"Sandy Leon","182","23.08","0.214","0.119","0.195","0.333","0.236","0.351","0.295","9","42","83.1","14.9","2119","89.0","87.90","0","42","0","-1.1","5.82"
"42",650490,"Yandy Diaz","239","17.57","0.317","0.024","0.310","0.341","0.287","0.381","0.374","13","41","93.9","-3.9","2234","88.7","88.52","0","42","0","-0.2","6.08"
"42",624428,"Adam Frazier","219","19.18","0.357","0.167","0.341","0.524","0.381","0.332","0.322","15","42","85.1","7.4","2204","87.4","86.65","0","42","0","-0.7","5.88"
"42",461314,"Matt Kemp","197","21.32","0.429","0.548","0.333","0.976","0.585","0.552","0.412","18","42","90.7","16.1","2085","89.9","89.07","0","42","0","-0.8","6.01"
"42",503556,"Marwin Gonzalez","265","15.85","0.275","0.400","0.171","0.675","0.375","0.312","0.274","11","40","87.9","1.5","2161","90.3","90.12","0","42","0","-0.2","6.07"
"41",571697,"Scooter Gennett","177","23.16","0.341","0.317","0.289","0.659","0.422","0.337","0.301","14","41","83.3","15.3","2097","89.0","88.55","0","41","0","-0.4","6.14"
"41",588751,"Adeiny Hechavarria","139","29.50","0.293","0.073","0.293","0.366","0.289","0.318","0.325","12","41","86.6","5.4","2194","90.1","89.20","0","41","0","-0.9","6.03"
"41",460026,"Nick Hundley","204","20.10","0.256","0.179","0.250","0.436","0.279","0.348","0.295","10","39","89.6","16.0","2192","89.7","89.17","0","41","0","-0.5","5.99"
"41",488771,"Jason Castro","291","14.09","0.293","0.195","0.256","0.488","0.334","0.375","0.335","12","41","86.2","10.6","2181","89.1","88.06","0","41","0","-1.0","5.93"
"41",571771,"Enrique Hernandez","208","19.71","0.275","0.350","0.231","0.625","0.363","0.369","0.312","11","40","87.5","12.9","2220","88.2","87.08","0","41","0","-1.1","5.90"
"40",595879,"Javier Baez","239","16.74","0.316","0.211","0.289","0.526","0.341","0.339","0.311","12","38","85.1","13.6","2125","89.1","88.94","0","40","0","-0.2","6.15"
"40",547982,"Leonys Martin","218","18.35","0.150","0.025","0.150","0.175","0.144","0.210","0.199","6","40","82.2","5.2","2115","87.8","87.50","0","40","0","-0.3","5.95"
"40",502082,"Lonnie Chisenhall","172","23.26","0.351","0.243","0.306","0.595","0.374","0.346","0.336","13","37","86.0","18.6","2211","89.6","89.48","0","40","0","-0.1","6.15"
"40",543228,"Yan Gomes","229","17.47","0.231","0.128","0.211","0.359","0.248","0.259","0.245","9","39","85.3","10.3","2176","88.6","88.34","0","40","0","-0.3","6.15"
"39",543305,"Aaron Hicks","240","16.25","0.351","0.378","0.265","0.730","0.431","0.352","0.312","13","37","84.8","10.2","2218","88.9","88.08","0","39","0","-0.8","6.00"
"39",547172,"Tony Wolters","211","18.48","0.462","0.128","0.462","0.590","0.460","0.357","0.359","18","39","86.0","10.0","2107","89.7","89.16","0","39","0","-0.5","5.88"
"39",572287,"Mike Zunino","298","13.09","0.282","0.103","0.282","0.385","0.290","0.364","0.307","11","39","86.9","18.8","2275","88.5","88.08","0","39","0","-0.4","5.83"
"39",621439,"Byron Buxton","316","12.34","0.256","0.051","0.256","0.308","0.249","0.225","0.220","10","39","82.0","15.4","2168","87.3","86.68","0","39","0","-0.6","5.95"
"39",501659,"Abraham Almonte","293","13.31","0.436","0.205","0.421","0.641","0.465","0.392","0.355","17","39","89.6","2.8","2180","89.0","88.51","0","39","0","-0.5","6.03"
"39",593523,"Marco Hernandez","211","18.48","0.385","0.051","0.385","0.436","0.364","0.358","0.361","15","39","84.5","8.1","2236","87.9","86.64","0","39","0","-1.3","5.77"
"39",607054,"Jace Peterson","216","18.06","0.333","0.128","0.333","0.462","0.345","0.308","0.271","13","39","87.6","4.8","2178","89.3","88.72","0","39","0","-0.6","6.08"
"39",546991,"Albert Almora Jr.","198","19.70","0.342","0.237","0.306","0.579","0.383","0.289","0.259","13","38","89.4","5.7","2240","87.3","86.55","0","39","0","-0.7","5.93"
"38",516782,"Starling Marte","235","16.17","0.351","0.189","0.306","0.541","0.375","0.403","0.363","13","37","83.1","11.7","2286","90.0","89.35","0","38","0","-0.6","6.08"
"38",491676,"Gorkys Hernandez","235","16.17","0.211","0.053","0.211","0.263","0.208","0.250","0.252","8","38","82.8","7.0","2222","88.9","88.20","0","38","0","-0.7","5.97"
"38",594694,"Wilmer Difo","188","20.21","0.263","0.053","0.263","0.316","0.255","0.225","0.232","10","38","81.4","0.2","2096","87.4","87.22","0","38","0","-0.2","6.13"
"38",542908,"Jett Bandy","208","18.27","0.421","0.395","0.353","0.816","0.522","0.350","0.309","16","38","84.9","14.3","2209","88.5","87.94","0","38","0","-0.6","6.04"
"38",489267,"Adam Rosales","233","16.31","0.400","0.229","0.353","0.629","0.408","0.326","0.311","14","35","85.1","13.0","2209","87.4","87.40","0","38","0","0.0","6.00"
"37",456665,"Steve Pearce","215","17.21","0.243","0.000","0.243","0.243","0.219","0.300","0.288","9","37","88.3","13.2","2264","88.8","87.93","0","37","0","-0.9","5.90"
"37",542979,"Keon Broxton","306","12.09","0.351","0.243","0.333","0.595","0.403","0.338","0.316","13","37","82.9","7.8","2220","88.8","87.84","0","37","0","-1.0","5.93"
"37",461235,"Brandon Moss","286","12.94","0.278","0.333","0.182","0.611","0.362","0.424","0.318","10","36","89.8","18.3","2032","86.6","86.46","0","37","0","-0.1","6.12"
"37",605113,"Nick Ahmed","161","22.98","0.270","0.135","0.250","0.405","0.292","0.296","0.290","10","37","85.6","13.1","2345","87.8","86.82","0","37","0","-1.0","5.80"
"37",572365,"Ryan Goins","187","19.79","0.243","0.162","0.222","0.405","0.277","0.296","0.271","9","37","88.3","9.0","2248","86.5","85.32","0","37","0","-1.2","5.82"
"36",446381,"Darwin Barney","194","18.56","0.389","0.028","0.389","0.417","0.360","0.344","0.362","14","36","79.4","10.6","2335","86.9","86.55","0","36","0","-0.3","6.05"
"35",500874,"Jose Martinez","145","24.14","0.382","0.147","0.364","0.529","0.386","0.436","0.372","13","34","88.2","3.8","2158","89.5","88.58","0","35","0","-0.9","5.97"
"35",527043,"Jefry Marte","197","17.77","0.257","0.229","0.212","0.486","0.314","0.291","0.268","9","35","84.9","13.5","2221","88.8","88.46","0","35","0","-0.3","6.02"
"35",519237,"Cameron Rupp","279","12.54","0.353","0.294","0.324","0.647","0.410","0.385","0.313","12","34","88.4","11.9","2227","88.7","87.95","0","35","0","-0.8","6.03"
"35",595885,"Greg Bird","295","11.86","0.171","0.171","0.147","0.343","0.216","0.395","0.280","6","35","87.8","18.8","2028","89.9","89.38","0","35","0","-0.5","6.04"
"35",452095,"Tyler Flowers","206","16.99","0.514","0.057","0.514","0.571","0.483","0.345","0.356","18","35","90.0","1.7","2126","89.0","88.22","0","35","0","-0.8","5.91"
"35",518618,"Derek Dietrich","209","16.75","0.286","0.086","0.286","0.371","0.287","0.313","0.286","10","35","84.3","17.2","2152","89.4","88.56","0","35","0","-0.8","6.06"
"35",400284,"Chase Utley","188","18.62","0.143","0.029","0.143","0.171","0.139","0.296","0.283","5","35","86.0","-1.5","2122","89.4","89.13","0","35","0","-0.3","6.04"
"35",445988,"Martin Prado","181","19.34","0.314","0.200","0.273","0.514","0.356","0.327","0.315","11","35","89.0","5.1","2148","89.1","88.29","0","35","0","-0.8","5.98"
"34",519184,"Ben Revere","142","23.94","0.206","0.059","0.206","0.265","0.206","0.242","0.246","7","34","83.8","-2.1","2232","87.9","87.54","0","34","0","-0.4","6.11"
"34",452234,"Seth Smith","215","15.81","0.294","0.294","0.250","0.588","0.371","0.417","0.371","10","34","92.9","11.5","2197","87.7","86.57","0","34","0","-1.1","5.77"
"33",592626,"Joc Pederson","259","12.74","0.344","0.188","0.313","0.531","0.365","0.336","0.301","11","32","92.8","16.4","2214","90.0","89.70","0","33","0","-0.3","6.03"
"32",570560,"Carlos Sanchez","155","20.65","0.281","0.250","0.258","0.531","0.342","0.349","0.320","9","32","79.5","4.1","2132","87.1","86.56","0","32","0","-0.5","5.99"
"32",641820,"Trey Mancini","222","14.41","0.344","0.531","0.222","0.875","0.503","0.552","0.396","11","32","91.3","10.5","2256","87.5","86.55","0","32","0","-0.9","5.99"
"32",598265,"Jackie Bradley Jr.","174","18.39","0.290","0.161","0.258","0.452","0.309","0.424","0.312","9","31","85.5","0.3","2162","90.2","89.14","0","32","0","-1.1","5.96"
"32",449181,"Paulo Orlando","170","18.82","0.219","0.000","0.219","0.219","0.197","0.346","0.348","7","32","86.6","18.5","2195","88.7","88.88","0","32","0","0.2","6.15"
"32",518614,"Daniel Descalso","202","15.84","0.250","0.219","0.200","0.469","0.305","0.278","0.226","8","32","85.0","16.6","2206","88.7","87.84","0","32","0","-0.9","5.85"
"31",593160,"Whit Merrifield","150","20.67","0.258","0.258","0.207","0.516","0.326","0.369","0.313","8","31","87.9","9.5","2237","89.3","89.05","0","31","0","-0.3","6.11"
"31",455104,"Chris Iannetta","212","14.62","0.290","0.226","0.241","0.516","0.344","0.321","0.277","9","31","88.0","17.7","2249","88.1","87.28","0","31","0","-0.8","5.85"
"31",594824,"Greg Garcia","180","17.22","0.400","0.100","0.400","0.500","0.382","0.370","0.356","12","30","85.9","5.9","2143","90.9","90.26","0","31","0","-0.6","6.01"
"31",425772,"Jeff Mathis","165","18.79","0.194","0.226","0.167","0.419","0.255","0.260","0.233","6","31","85.7","18.6","2377","88.4","87.77","0","31","0","-0.6","5.80"
"31",608671,"Travis Jankowski","248","12.50","0.276","0.034","0.276","0.310","0.244","0.225","0.237","8","29","79.7","4.4","2241","88.8","87.97","0","31","0","-0.8","5.82"
"30",527038,"Wilmer Flores","134","22.39","0.200","0.200","0.143","0.400","0.253","0.282","0.248","6","30","85.0","24.0","2271","89.7","88.80","0","30","0","-0.9","6.10"
"30",445055,"Jon Jay","207","14.49","0.517","0.138","0.517","0.655","0.497","0.370","0.364","15","29","82.7","8.1","2285","86.4","86.09","0","30","0","-0.3","6.08"
"30",571437,"Aaron Altherr","180","16.67","0.433","0.333","0.393","0.767","0.510","0.444","0.392","13","30","89.8","7.9","2203","90.5","89.79","0","30","0","-0.7","5.93"
"30",435062,"Howie Kendrick","182","16.48","0.433","0.200","0.433","0.633","0.460","0.340","0.284","13","30","87.7","-4.1","2125","91.3","90.83","0","30","0","-0.5","6.31"
"30",502029,"Chris Marrero","155","19.35","0.172","0.103","0.138","0.276","0.187","0.293","0.264","5","29","84.8","24.2","2263","88.8","88.70","0","30","0","-0.1","6.00"
"30",595777,"Jurickson Profar","181","16.57","0.172","0.000","0.172","0.172","0.150","0.283","0.270","5","29","82.3","11.9","2157","89.1","88.76","0","30","0","-0.3","6.20"
"29",435559,"Kurt Suzuki","159","18.24","0.222","0.111","0.179","0.333","0.224","0.286","0.291","6","27","87.1","10.0","2204","90.6","89.98","0","29","0","-0.6","5.99"
"29",523253,"Logan Forsythe","238","12.18","0.464","0.071","0.448","0.536","0.428","0.463","0.437","13","28","89.9","9.4","2237","87.4","86.72","0","29","0","-0.7","5.84"
"29",543094,"Jaff Decker","226","12.83","0.296","0.111","0.296","0.407","0.284","0.345","0.353","8","27","84.5","8.9","2154","89.3","88.90","0","29","0","-0.4","5.84"
"29",444379,"John Jaso","206","14.08","0.207","0.138","0.179","0.345","0.236","0.297","0.258","6","29","85.6","21.6","2289","88.7","88.15","0","29","0","-0.6","6.04"
"29",571602,"Matt Davidson","234","12.39","0.500","0.571","0.400","1.071","0.634","0.600","0.415","14","28","90.3","17.5","2322","88.8","88.11","0","29","0","-0.7","6.02"
"28",547957,"Hyun Soo Kim","169","16.57","0.321","0.143","0.296","0.464","0.341","0.339","0.321","9","28","88.7","2.5","2288","87.0","85.86","0","28","0","-1.1","5.67"
"28",543302,"Chris Herrmann","144","19.44","0.214","0.107","0.185","0.321","0.232","0.309","0.264","6","28","88.9","10.8","2268","87.6","86.54","0","28","0","-1.1","5.79"
"28",446386,"Brandon Guyer","144","19.44","0.179","0.107","0.148","0.286","0.200","0.296","0.274","5","28","87.8","27.9","2097","88.6","88.12","0","28","0","-0.5","5.98"
"28",553882,"Omar Narvaez","168","16.67","0.321","0.036","0.321","0.357","0.302","0.322","0.330","9","28","84.6","5.7","2126","88.7","87.94","0","28","0","-0.8","5.89"
"28",572863,"Dustin Garneau","197","14.21","0.333","0.296","0.308","0.630","0.391","0.312","0.292","9","27","82.5","21.2","2129","88.3","88.12","0","28","0","-0.2","6.10"
"27",500871,"Eduardo Escobar","156","17.31","0.296","0.259","0.240","0.556","0.361","0.452","0.376","8","27","90.1","20.4","2053","87.3","86.71","0","27","0","-0.6","6.07"
"27",446263,"Lucas Duda","204","13.24","0.370","0.519","0.261","0.889","0.522","0.427","0.303","10","27","89.9","21.3","2181","90.3","89.46","0","27","0","-0.8","6.14"
"27",452252,"Adam Lind","130","20.77","0.370","0.333","0.320","0.704","0.454","0.415","0.348","10","27","92.4","13.7","2207","88.4","88.11","0","27","0","-0.3","6.15"
"27",605125,"Cody Asche","162","16.67","0.148","0.000","0.148","0.148","0.133","0.389","0.346","4","27","87.1","25.0","2108","90.7","90.04","0","27","0","-0.7","6.18"
"27",609275,"Raul Mondesi","160","16.88","0.174","0.130","0.136","0.304","0.174","0.341","0.320","4","23","77.1","0.5","2246","86.5","86.26","0","27","0","-0.2","6.13"
"27",572033,"Josh Phegley","91","29.67","0.259","0.259","0.231","0.519","0.326","0.345","0.276","7","27","82.0","14.2","2197","88.6","87.80","0","27","0","-0.8","5.92"
"27",488671,"Alex Avila","180","15.00","0.556","0.519","0.478","1.074","0.689","0.775","0.577","15","27","94.5","16.9","2164","90.3","90.04","0","27","0","-0.3","6.08"
"27",543877,"Christian Vazquez","147","18.37","0.519","0.222","0.519","0.741","0.544","0.339","0.355","14","27","84.6","1.3","2299","86.7","85.94","0","27","0","-0.8","5.83"
"27",543216,"Conor Gillaspie","132","20.45","0.231","0.038","0.222","0.269","0.213","0.291","0.283","6","26","86.9","14.2","2163","90.4","90.01","0","27","0","-0.4","6.01"
"26",474892,"Chris Carter","146","17.81","0.320","0.240","0.280","0.560","0.360","0.463","0.346","8","25","88.2","23.3","2278","89.0","88.06","0","26","0","-0.9","5.78"
"26",451089,"Shane Peterson","140","18.57","0.385","0.192","0.360","0.577","0.415","0.272","0.252","10","26","85.8","17.6","2228","87.5","86.68","0","26","0","-0.8","5.95"
"25",537953,"Daniel Nava","176","14.20","0.458","0.333","0.391","0.792","0.512","0.480","0.391","11","24","90.7","19.8","2219","90.1","89.51","0","25","0","-0.6","6.17"
"25",547379,"Roberto Perez","125","20.00","0.250","0.042","0.240","0.292","0.230","0.260","0.267","6","24","86.7","9.9","2232","90.2","89.70","0","25","0","-0.5","5.93"
"25",425784,"Rene Rivera","154","16.23","0.375","0.167","0.333","0.542","0.382","0.411","0.365","9","24","86.7","13.8","2191","87.3","86.63","0","25","0","-0.7","6.03"
"24",434567,"Geovany Soto","145","16.55","0.250","0.375","0.143","0.625","0.363","0.514","0.399","6","24","94.1","20.9","2271","89.3","88.97","0","24","0","-0.3","6.16"
"24",607387,"Ryan Rua","162","14.81","0.292","0.167","0.261","0.458","0.323","0.402","0.327","7","24","83.0","6.6","2155","86.9","86.43","0","24","0","-0.5","6.08"
"24",471083,"Miguel Montero","136","17.65","0.542","0.292","0.500","0.833","0.594","0.435","0.379","13","24","89.7","21.5","2135","87.8","86.98","0","24","0","-0.8","6.08"
"24",543760,"Marcus Semien","208","11.54","0.250","0.083","0.250","0.333","0.254","0.309","0.277","6","24","85.5","15.5","2201","88.4","87.42","0","24","0","-1.0","5.97"
"23",457706,"Austin Jackson","142","16.20","0.348","0.304","0.318","0.652","0.422","0.368","0.297","8","23","87.1","14.0","2047","88.7","88.45","0","23","0","-0.2","6.08"
"23",488721,"Peter Bourjos","152","15.13","0.217","0.130","0.182","0.348","0.243","0.262","0.241","5","23","85.6","11.9","2276","89.7","89.14","0","23","0","-0.6","5.89"
"23",543308,"John Hicks","89","25.84","0.478","0.261","0.455","0.739","0.524","0.434","0.373","11","23","90.8","14.1","2263","86.8","86.27","0","23","0","-0.5","6.15"
"23",596143,"Luis Sardinas","94","24.47","0.217","0.000","0.217","0.217","0.196","0.251","0.252","5","23","78.7","0.6","2182","89.2","88.31","0","23","0","-0.9","5.91"
"22",595426,"Brock Stassi","141","15.60","0.273","0.364","0.200","0.636","0.377","0.333","0.294","6","22","87.6","15.5","2195","91.1","90.99","0","22","0","-0.1","6.44"
"22",592261,"Delino DeShields","171","12.87","0.381","0.000","0.381","0.381","0.327","0.293","0.303","8","21","81.6","5.1","2232","89.1","88.66","0","22","0","-0.4","6.27"
"22",571431,"Matt Adams","168","13.10","0.429","0.095","0.409","0.524","0.400","0.437","0.349","9","21","90.9","8.6","2129","89.4","88.79","0","22","0","-0.6","5.97"
"22",596144,"Cheslor Cuthbert","122","18.03","0.182","0.136","0.143","0.318","0.214","0.286","0.234","4","22","85.5","1.1","2242","91.4","91.42","0","22","0","0.0","6.21"
"22",642707,"Allen Cordoba","126","17.46","0.364","0.273","0.300","0.636","0.427","0.373","0.301","8","22","86.6","3.5","2262","90.5","89.50","0","22","0","-1.0","5.77"
"22",542583,"Jesus Aguilar","161","13.66","0.364","0.091","0.364","0.455","0.359","0.304","0.269","8","22","83.8","5.4","2084","89.6","89.09","0","22","0","-0.5","6.10"
"21",506924,"Stephen Cardullo","124","16.94","0.190","0.000","0.190","0.190","0.171","0.301","0.278","4","21","83.8","10.1","2211","89.2","88.92","0","21","0","-0.3","6.14"
"21",624414,"Christian Arroyo","103","20.39","0.286","0.286","0.211","0.571","0.362","0.451","0.397","6","21","89.1","0.3","2027","88.0","87.08","0","21","0","-0.9","5.73"
"21",591741,"Jose Osuna","100","21.00","0.429","0.286","0.429","0.714","0.486","0.404","0.359","9","21","89.2","16.6","2068","88.8","88.44","0","21","0","-0.4","6.04"
"21",543484,"Mikie Mahtook","139","15.11","0.286","0.238","0.250","0.524","0.343","0.376","0.332","6","21","89.1","24.6","2131","87.5","87.64","0","21","0","0.1","6.03"
"21",592444,"JaCoby Jones","189","11.11","0.286","0.286","0.250","0.571","0.360","0.341","0.300","6","21","84.6","9.6","2184","87.3","86.40","0","21","0","-0.9","5.98"
"21",572191,"Michael Taylor","123","17.07","0.350","0.050","0.333","0.400","0.317","0.384","0.314","7","20","90.9","10.0","2154","88.1","87.80","0","21","0","-0.3","6.11"
"20",545338,"Nick Franklin","104","19.23","0.150","0.250","0.105","0.400","0.225","0.364","0.315","3","20","75.2","9.7","2182","90.6","89.89","0","20","0","-0.7","6.14"
"20",543401,"Jason Kipnis","153","13.07","0.250","0.000","0.250","0.250","0.225","0.221","0.207","5","20","85.4","24.0","2193","87.2","86.51","0","20","0","-0.7","5.88"
"20",608061,"T.J. Rivera","111","18.02","0.263","0.105","0.263","0.368","0.260","0.218","0.211","5","19","81.0","10.3","2267","88.7","88.08","0","20","0","-0.6","6.08"
"20",491696,"Jesus Sucre","104","19.23","0.350","0.150","0.316","0.500","0.370","0.318","0.317","7","20","86.2","20.4","2259","90.3","89.65","0","20","0","-0.6","5.75"
"19",605480,"Mallex Smith","80","23.75","0.316","0.053","0.316","0.368","0.303","0.181","0.186","6","19","73.6","-13.3","2276","90.0","89.05","0","19","0","-0.9","5.93"
"19",475100,"Scott Van Slyke","147","12.93","0.211","0.211","0.167","0.421","0.266","0.424","0.352","4","19","86.8","11.5","2151","90.0","89.43","0","19","0","-0.6","6.14"
"19",593528,"Jorge Bonifacio","99","19.19","0.368","0.158","0.333","0.526","0.389","0.473","0.359","7","19","91.9","13.5","2256","87.8","87.49","0","19","0","-0.3","6.04"
"19",400085,"Ichiro Suzuki","103","18.45","0.211","0.211","0.167","0.421","0.266","0.192","0.172","4","19","86.1","4.9","2080","90.4","89.37","0","19","0","-1.0","5.90"
"19",502226,"Craig Gentry","156","12.18","0.333","0.222","0.278","0.556","0.361","0.329","0.311","6","18","85.6","2.1","2199","85.6","84.80","0","19","0","-0.8","5.94"
"19",594576,"Jacob May","164","11.59","0.059","0.000","0.059","0.059","0.047","0.143","0.154","1","17","72.2","-10.9","1996","88.9","88.37","0","19","0","-0.5","6.12"
"18",621035,"Chris Taylor","113","15.93","0.444","0.444","0.375","0.889","0.561","0.464","0.381","8","18","95.5","7.1","2240","92.0","91.68","0","18","0","-0.3","6.01"
"18",543376,"Caleb Joseph","80","22.50","0.222","0.222","0.176","0.444","0.281","0.332","0.279","4","18","87.9","22.9","2280","89.4","88.85","0","18","0","-0.6","6.11"
"18",458085,"Chris Coghlan","138","13.04","0.353","0.059","0.333","0.412","0.319","0.292","0.298","6","17","80.5","7.6","2359","86.5","85.90","0","18","0","-0.6","5.88"
"18",595284,"Andrew Knapp","113","15.93","0.389","0.333","0.353","0.722","0.469","0.414","0.350","7","18","91.9","14.5","2180","90.7","90.27","0","18","0","-0.4","6.16"
"18",605131,"Austin Barnes","133","13.53","0.333","0.389","0.294","0.722","0.439","0.371","0.306","6","18","92.8","11.8","2093","89.2","88.71","0","18","0","-0.5","6.04"
"18",621002,"Daniel Robertson","152","11.84","0.294","0.176","0.250","0.471","0.311","0.380","0.291","5","17","80.7","-2.9","2299","90.3","89.53","0","18","0","-0.8","5.97"
"17",593700,"Alen Hanson","75","22.67","0.235","0.118","0.235","0.353","0.253","0.287","0.283","4","17","82.7","12.3","2146","88.0","86.83","0","17","0","-1.2","5.85"
"17",430001,"Rickie Weeks Jr.","207","8.21","0.412","0.294","0.375","0.706","0.476","0.515","0.370","7","17","94.0","20.9","2273","88.4","87.34","0","17","0","-1.1","5.93"
"17",431094,"Aaron Hill","112","15.18","0.176","0.176","0.125","0.353","0.224","0.369","0.312","3","17","88.5","11.3","2216","89.7","88.42","0","17","0","-1.3","5.92"
"17",518626,"Josh Donaldson","149","11.41","0.529","0.471","0.467","1.000","0.647","0.429","0.334","9","17","89.6","10.2","2291","91.8","91.00","0","17","0","-0.8","5.97"
"17",460269,"Chris Gimenez","113","15.04","0.235","0.118","0.235","0.353","0.253","0.259","0.203","4","17","86.8","27.0","2175","91.2","90.95","0","17","0","-0.3","6.27"
"17",594838,"Phil Gosselin","68","25.00","0.176","0.059","0.176","0.235","0.179","0.163","0.171","3","17","80.8","12.9","2186","88.2","88.10","0","17","0","-0.1","5.99"
"17",501571,"Juan Lagares","108","15.74","0.176","0.000","0.176","0.176","0.159","0.256","0.240","3","17","85.5","19.0","2197","90.8","89.76","0","17","0","-1.0","6.04"
"16",553988,"Dixon Machado","75","21.33","0.133","0.000","0.133","0.133","0.113","0.174","0.179","2","15","81.1","-7.2","2203","89.7","89.16","0","16","0","-0.5","6.13"
"16",571757,"Jeremy Hazelbaker","108","14.81","0.438","0.188","0.438","0.625","0.459","0.335","0.331","7","16","87.6","11.0","2231","90.6","90.07","0","16","0","-0.5","6.03"
"16",641355,"Cody Bellinger","107","14.95","0.375","0.375","0.286","0.750","0.475","0.418","0.311","6","16","84.8","14.6","2130","88.5","87.50","0","16","0","-1.0","6.04"
"16",518700,"Eric Fryer","91","17.58","0.250","0.125","0.250","0.375","0.269","0.237","0.240","4","16","85.8","3.0","2237","91.5","90.62","0","16","0","-0.9","5.90"
"16",455139,"Robinson Chirinos","116","13.79","0.500","0.813","0.333","1.313","0.747","0.766","0.479","8","16","96.1","21.7","2277","89.2","88.75","0","16","0","-0.4","6.07"
"16",446653,"Jose Lobaton","87","18.39","0.125","0.188","0.067","0.313","0.181","0.324","0.255","2","16","81.9","10.4","2069","87.2","86.49","0","16","0","-0.7","5.87"
"16",502317,"Chris Heisey","104","15.38","0.250","0.250","0.200","0.500","0.316","0.282","0.229","4","16","87.8","16.7","2112","89.3","88.37","0","16","0","-0.9","5.93"
"16",425509,"Jhonny Peralta","115","13.91","0.188","0.000","0.188","0.188","0.169","0.319","0.337","3","16","80.6","6.1","2135","89.5","89.05","0","16","0","-0.5","6.04"
"16",596142,"Gary Sanchez","98","16.33","0.188","0.188","0.133","0.375","0.238","0.442","0.375","3","16","96.5","16.7","2024","87.6","86.27","0","16","0","-1.3","5.67"
"15",466988,"Emilio Bonifacio","86","17.44","0.154","0.077","0.154","0.231","0.143","0.190","0.206","2","13","74.9","8.8","2135","89.6","88.82","0","15","0","-0.8","5.94"
"15",605486,"Cory Spangenberg","81","18.52","0.429","0.071","0.429","0.500","0.383","0.426","0.401","6","14","86.3","1.1","2290","88.9","87.86","0","15","0","-1.0","5.71"
"15",573627,"Kennys Vargas","84","17.86","0.400","0.200","0.357","0.600","0.433","0.257","0.267","6","15","85.3","19.1","2013","88.0","87.48","0","15","0","-0.5","5.93"
"15",452220,"Stephen Drew","93","16.13","0.286","0.071","0.267","0.357","0.263","0.364","0.326","4","14","90.1","18.5","2004","88.0","87.84","0","15","0","-0.2","6.28"
"15",454560,"A.J. Ellis","101","14.85","0.214","0.000","0.214","0.214","0.180","0.157","0.160","3","14","73.7","5.8","2215","91.1","90.53","0","15","0","-0.6","6.17"
"15",451192,"Jim Adduci","73","20.55","0.533","0.333","0.533","0.867","0.597","0.368","0.346","8","15","90.0","12.3","2214","87.9","87.75","0","15","0","-0.2","5.98"
"14",572073,"Joey Rickard","77","18.18","0.286","0.000","0.286","0.286","0.257","0.347","0.337","4","14","84.0","10.2","2178","89.0","88.48","0","14","0","-0.5","6.03"
"14",592325,"Ben Gamel","93","15.05","0.357","0.286","0.308","0.643","0.425","0.409","0.337","5","14","91.4","13.8","2271","87.7","86.74","0","14","0","-1.0","5.73"
"14",544369,"Didi Gregorius","55","25.45","0.500","0.143","0.500","0.643","0.500","0.458","0.439","7","14","87.6","5.7","2256","86.5","85.18","0","14","0","-1.3","5.66"
"14",434563,"Carlos Ruiz","123","11.38","0.214","0.071","0.214","0.286","0.218","0.273","0.277","3","14","87.4","19.9","1955","88.1","87.88","0","14","0","-0.2","6.07"
"14",502273,"Mike Freeman","97","14.43","0.143","0.214","0.077","0.357","0.207","0.207","0.167","2","14","85.4","15.4","2221","85.8","84.74","0","14","0","-1.1","5.88"
"13",455755,"Chris Stewart","72","18.06","0.385","0.231","0.385","0.615","0.427","0.346","0.317","5","13","87.1","16.9","2201","88.9","89.33","0","13","0","0.4","6.07"
"13",642156,"Stuart Turner","80","16.25","0.333","0.250","0.308","0.583","0.358","0.338","0.330","4","12","85.8","19.1","2151","89.5","88.68","0","13","0","-0.8","5.89"
"13",460077,"Drew Butera","62","20.97","0.250","0.083","0.250","0.333","0.235","0.264","0.251","3","12","88.3","18.2","2188","90.9","90.74","0","13","0","-0.2","6.16"
"13",592192,"Mark Canha","70","18.57","0.154","0.077","0.154","0.231","0.165","0.320","0.268","2","13","89.3","13.3","2218","87.8","86.77","0","13","0","-1.0","6.23"
"13",477132,"Clayton Kershaw","62","20.97","0.200","0.000","0.200","0.200","0.138","0.171","0.199","2","10","70.5","-14.9","2087","88.8","87.89","0","13","0","-0.9","5.93"
"13",542454,"Danny Santana","80","16.25","0.154","0.000","0.154","0.154","0.138","0.420","0.353","2","13","86.2","9.3","2164","87.4","87.72","0","13","0","0.3","6.08"
"12",642162,"Pat Valaika","53","22.64","0.417","0.250","0.417","0.667","0.463","0.323","0.339","5","12","81.9","23.1","1979","86.9","86.09","0","12","0","-0.8","5.68"
"12",640461,"Chad Pinder","72","16.67","0.333","0.333","0.273","0.667","0.421","0.474","0.338","4","12","93.4","27.3","2212","86.2","85.65","0","12","0","-0.6","5.82"
"12",571980,"Tyler Naquin","74","16.22","0.333","0.083","0.333","0.417","0.329","0.282","0.273","4","12","89.5","7.5","2221","90.2","90.00","0","12","0","-0.2","6.14"
"12",506560,"Alexi Amarista","70","17.14","0.500","0.417","0.455","0.917","0.600","0.304","0.297","6","12","88.8","11.0","2225","88.4","88.12","0","12","0","-0.3","5.95"
"12",460060,"Cliff Pennington","75","16.00","0.273","0.000","0.250","0.273","0.225","0.296","0.307","3","11","83.3","11.1","2238","89.4","88.86","0","12","0","-0.5","5.99"
"12",623182,"Patrick Kivlehan","87","13.79","0.500","0.083","0.500","0.583","0.479","0.362","0.366","6","12","88.6","25.6","2225","88.6","88.21","0","12","0","-0.4","6.15"
"11",545350,"Jake Marisnick","106","10.38","0.545","0.545","0.444","1.091","0.691","0.430","0.307","6","11","75.7","12.8","2033","86.9","87.08","0","11","0","0.2","6.21"
"11",592620,"Jarrett Parker","92","11.96","0.273","0.182","0.273","0.455","0.309","0.318","0.244","3","11","87.8","3.3","2224","92.7","91.74","0","11","0","-1.0","5.85"
"11",453211,"Drew Stubbs","69","15.94","0.182","0.000","0.182","0.182","0.164","0.203","0.206","2","11","83.4","31.7","2158","90.0","89.23","0","11","0","-0.8","6.15"
"11",595375,"J.T. Riddle","64","17.19","0.250","0.375","0.125","0.625","0.264","0.283","0.184","2","8","75.7","11.7","2276","88.7","87.71","0","11","0","-1.0","5.88"
"11",570489,"Arismendy Alcantara","77","14.29","0.364","0.091","0.364","0.455","0.359","0.270","0.285","4","11","78.7","2.3","2009","87.8","87.04","0","11","0","-0.8","5.89"
"10",476451,"Jeremy Hellickson","54","18.52","0.111","0.222","0.111","0.333","0.160","0.152","0.147","1","9","67.1","-14.2","2292","86.8","85.27","0","10","0","-1.5","6.18"
"10",596129,"Daniel Vogelbach","92","10.87","0.200","0.000","0.200","0.200","0.180","0.234","0.224","2","10","85.5","5.4","2237","86.8","85.81","0","10","0","-1.0","5.91"
"10",543309,"Kyle Higashioka","46","21.74","0.000","0.000","0.000","0.000","0.000","0.206","0.204","0","10","77.0","14.6","2296","88.5","87.87","0","10","0","-0.6","5.96"
"10",527054,"Julio Teheran","35","28.57","0.286","0.000","0.286","0.286","0.180","0.211","0.263","2","7","64.0","-19.0","2244","91.6","91.12","0","10","0","-0.5","6.13"
"10",518466,"Jabari Blash","111","9.01","0.100","0.300","0.000","0.400","0.200","0.123","0.102","1","10","68.1","-0.6","2232","90.1","89.46","0","10","0","-0.6","6.01"
"10",543022,"Tyler Chatwood","35","28.57","0.143","0.000","0.143","0.143","0.090","0.154","0.173","1","7","71.3","-5.0","2125","90.5","89.40","0","10","0","-1.1","5.66"
"10",543590,"Kirk Nieuwenhuis","135","7.41","0.200","0.400","0.111","0.600","0.325","0.694","0.458","2","10","95.9","15.0","2292","89.3","88.20","0","10","0","-1.1","5.75"
"10",607345,"Kevan Smith","42","23.81","0.100","0.100","0.100","0.200","0.125","0.345","0.280","1","10","87.1","13.6","2124","90.1","89.26","0","10","0","-0.8","6.05"
"9",542208,"Carlos Perez","46","19.57","0.111","0.000","0.111","0.111","0.100","0.288","0.182","1","9","80.5","10.4","2319","84.8","83.07","0","9","0","-1.7","5.99"
"9",425794,"Adam Wainwright","28","32.14","0.444","0.333","0.375","0.778","0.522","0.450","0.384","4","9","79.9","-1.2","2103","88.3","87.07","0","9","0","-1.2","5.97"
"9",544931,"Stephen Strasburg","48","18.75","0.000","0.000","0.000","0.000","0.000","0.109","0.109","0","9","84.5","0.2","2233","87.9","87.68","0","9","0","-0.2","6.21"
"9",502190,"Mike Leake","41","21.95","0.375","0.000","0.375","0.375","0.300","0.415","0.426","3","8","74.0","-1.2","2189","90.1","89.45","0","9","0","-0.6","5.96"
"9",457454,"Jarrod Saltalamacchia","115","7.83","0.111","0.000","0.111","0.111","0.100","0.214","0.216","1","9","86.8","29.0","2262","91.8","91.02","0","9","0","-0.8","5.94"
"9",468504,"Jhoulys Chacin","53","16.98","0.500","0.000","0.500","0.500","0.400","0.265","0.260","4","8","79.0","-11.6","2366","88.3","87.54","0","9","0","-0.8","5.82"
"9",543699,"Tanner Roark","27","33.33","0.333","0.167","0.333","0.500","0.239","0.220","0.247","2","6","62.7","-19.1","2149","89.0","88.71","0","9","0","-0.3","6.28"
"9",516949,"Hector Sanchez","76","11.84","0.222","0.333","0.125","0.556","0.322","0.359","0.312","2","9","87.4","34.9","2242","90.9","90.06","0","9","0","-0.8","5.84"
"9",628317,"Kenta Maeda","24","37.50","0.000","0.000","0.000","0.000","0.000","0.193","0.211","0","8","74.0","-3.5","2287","86.6","86.51","0","9","0","-0.1","5.89"
"9",429711,"Franklin Gutierrez","58","15.52","0.333","0.222","0.333","0.556","0.378","0.379","0.299","3","9","89.6","4.3","2226","89.1","88.56","0","9","0","-0.5","5.75"
"8",433217,"Andres Blanco","53","15.09","0.375","0.500","0.286","0.875","0.519","0.483","0.391","3","8","92.7","10.9","2225","91.1","91.41","0","8","0","0.3","6.48"
"8",620443,"Luis Torrens","54","14.81","0.125","0.000","0.125","0.125","0.113","0.335","0.310","1","8","93.4","15.5","2290","92.9","92.16","0","8","0","-0.7","5.78"
"8",448802,"Jaime Garcia","44","18.18","0.000","0.000","0.000","0.000","0.000","0.142","0.158","0","6","67.5","-18.5","2150","87.9","86.92","0","8","0","-1.0","5.82"
"8",456501,"Johnny Cueto","37","21.62","0.125","0.000","0.125","0.125","0.113","0.189","0.191","1","8","68.5","-14.8","2152","87.6","86.70","0","8","0","-0.9","6.06"
"8",518568,"Christian Colon","43","18.60","0.125","0.000","0.125","0.125","0.113","0.151","0.135","1","8","86.5","5.7","2221","88.9","88.43","0","8","0","-0.5","5.91"
"8",453286,"Max Scherzer","43","18.60","0.143","0.000","0.143","0.143","0.113","0.242","0.255","1","7","79.3","-12.6","2300","88.8","89.14","0","8","0","0.3","6.46"
"8",453385,"Clayton Richard","41","19.51","0.429","0.000","0.429","0.429","0.338","0.338","0.349","3","7","79.5","-6.6","2003","80.7","80.64","0","8","0","-0.1","5.63"
"8",571788,"Brock Holt","105","7.62","0.250","0.000","0.250","0.250","0.225","0.156","0.159","2","8","81.9","16.3","2183","89.6","89.78","0","8","0","0.2","6.22"
"8",444857,"Scott Feldman","35","22.86","0.000","0.000","0.000","0.000","0.000","0.200","0.232","0","6","69.2","11.8","2179","87.2","87.75","0","8","0","0.6","5.57"
"8",492802,"Juan Graterol","23","34.78","0.125","0.000","0.125","0.125","0.113","0.162","0.172","1","8","75.9","-7.1","2110","90.6","90.17","0","8","0","-0.4","6.12"
"8",425844,"Zack Greinke","56","14.29","0.125","0.000","0.125","0.125","0.113","0.298","0.270","1","8","89.5","16.8","2198","90.6","89.84","0","8","0","-0.8","5.98"
"8",285079,"R.A. Dickey","30","26.67","0.250","0.000","0.250","0.250","0.225","0.232","0.247","2","8","70.9","-20.8","2069","92.2","90.77","0","8","0","-1.4","5.93"
"7",489138,"Tyler Moore","39","17.95","0.571","0.143","0.571","0.714","0.564","0.572","0.472","4","7","95.5","-0.7","2219","91.4","90.22","0","7","0","-1.2","5.93"
"7",519333,"Matt Szczur","54","12.96","0.286","0.000","0.286","0.286","0.257","0.117","0.123","2","7","87.1","24.1","2074","89.6","89.25","0","7","0","-0.4","6.05"
"7",605509,"Kelby Tomlinson","31","22.58","0.571","0.000","0.571","0.571","0.514","0.421","0.432","4","7","86.4","7.9","2274","88.7","87.78","0","7","0","-0.9","5.79"
"7",542436,"Cristhian Adames","54","12.96","0.000","0.000","0.000","0.000","0.000","0.097","0.092","0","7","82.0","39.7","2103","91.4","90.83","0","7","0","-0.6","5.89"
"7",554430,"Zack Wheeler","40","17.50","0.333","0.167","0.333","0.500","0.307","0.266","0.278","2","6","75.6","6.6","2273","91.5","91.01","0","7","0","-0.5","6.27"
"7",518902,"Pete Kozma","35","20.00","0.143","0.000","0.143","0.143","0.129","0.201","0.211","1","7","80.8","28.6","2238","90.3","89.00","0","7","0","-1.3","5.88"
"7",605452,"Joe Ross","47","14.89","0.167","0.000","0.167","0.167","0.129","0.137","0.148","1","6","81.2","-10.5","2113","91.9","91.36","0","7","0","-0.5","6.02"
"7",518774,"Matt Harvey","33","21.21","0.000","0.000","0.000","0.000","0.000","0.231","0.233","0","7","81.2","-1.4","2166","87.3","86.69","0","7","0","-0.6","5.94"
"7",276520,"Bronson Arroyo","29","24.14","0.000","0.000","0.000","0.000","0.000","0.253","0.275","0","6","72.4","2.2","2193","92.9","92.69","0","7","0","-0.2","6.43"
"7",434604,"Michael Morse","31","22.58","0.333","0.667","0.167","1.000","0.464","0.501","0.326","2","6","91.9","10.0","2194","87.3","85.67","0","7","0","-1.6","5.38"
"7",503449,"Wily Peralta","25","28.00","0.500","0.000","0.500","0.500","0.386","0.395","0.459","3","6","75.4","12.6","2225","91.7","92.40","0","7","0","0.7","6.30"
"7",453562,"Jake Arrieta","43","16.28","0.286","0.286","0.286","0.571","0.357","0.329","0.327","2","7","83.5","10.0","2317","86.2","86.34","0","7","0","0.1","6.20"
"7",475247,"Ryan Flaherty","38","18.42","0.286","0.000","0.286","0.286","0.257","0.329","0.322","2","7","85.5","4.5","2104","85.7","84.22","0","7","0","-1.5","5.58"
"6",592662,"Robbie Ray","43","13.95","1.000","0.000","1.000","1.000","0.750","0.470","0.559","5","5","83.0","-1.0","2132","90.4","88.59","0","6","0","-1.8","5.90"
"6",592791,"Jameson Taillon","27","22.22","0.167","0.000","0.167","0.167","0.150","0.160","0.172","1","6","63.8","-28.2","2163","93.1","93.30","0","6","0","0.2","6.51"
"6",592836,"Taijuan Walker","47","12.77","0.167","0.000","0.167","0.167","0.150","0.223","0.240","1","6","84.0","-8.7","2306","85.4","84.22","0","6","0","-1.2","5.61"
"6",519043,"Matt Moore","25","24.00","0.000","0.000","0.000","0.000","0.000","0.218","0.272","0","4","68.7","-15.2","2331","88.3","87.29","0","6","0","-1.0","5.78"
"6",489232,"Anthony Recker","21","28.57","0.167","0.000","0.167","0.167","0.150","0.294","0.263","1","6","90.0","-2.1","2109","94.5","94.32","0","6","0","-0.2","6.16"
"6",594798,"Jacob deGrom","33","18.18","0.200","0.000","0.200","0.200","0.150","0.188","0.195","1","5","79.0","-0.8","2276","89.4","88.80","0","6","0","-0.6","6.05"
"6",450172,"Edinson Volquez","18","33.33","0.600","0.000","0.600","0.600","0.450","0.268","0.314","3","5","78.2","3.4","2108","92.0","92.23","0","6","0","0.2","6.30"
"6",467100,"Ivan Nova","42","14.29","0.000","0.000","0.000","0.000","0.000","0.095","0.060","0","3","55.8","-17.7","2134","89.5","88.08","0","6","0","-1.4","5.95"
"6",593372,"Carlos Martinez","31","19.35","0.000","0.000","0.000","0.000","0.000","0.241","0.253","0","6","77.4","-4.8","2300","88.9","88.16","0","6","0","-0.7","5.95"
"6",571578,"Patrick Corbin","51","11.76","0.000","0.000","0.000","0.000","0.000","0.147","0.164","0","4","71.5","-12.4","2188","90.4","89.21","0","6","0","-1.2","5.59"
"6",502239,"Trevor Cahill","26","23.08","0.250","0.250","0.250","0.500","0.208","0.237","0.283","1","4","69.4","-14.2","2433","87.6","86.65","0","6","0","-1.0","5.71"
"6",542881,"Tyler Anderson","40","15.00","0.250","0.000","0.250","0.250","0.150","0.245","0.323","1","4","68.1","1.2","2303","88.6","88.41","0","6","0","-0.2","6.07"
"6",458681,"Lance Lynn","40","15.00","0.200","0.000","0.200","0.200","0.150","0.160","0.175","1","5","69.3","-4.3","2273","82.2","81.42","0","6","0","-0.8","5.78"
"6",606132,"Raimel Tapia","20","30.00","0.000","0.000","0.000","0.000","0.000","0.329","0.288","0","6","82.8","21.8","1870","88.1","86.62","0","6","0","-1.5","5.65"
"6",547943,"Hyun-Jin Ryu","43","13.95","0.400","0.000","0.400","0.400","0.300","0.313","0.377","2","5","70.8","-7.6","2136","89.3","90.93","0","6","0","1.6","6.15"
"6",547912,"Gift Ngoepe","60","10.00","0.667","0.333","0.667","1.000","0.717","0.429","0.355","4","6","91.1","2.3","1973","90.0","89.24","0","6","0","-0.8","6.02"
"6",461829,"Gio Gonzalez","55","10.91","0.167","0.000","0.167","0.167","0.150","0.145","0.138","1","6","69.3","-11.1","2237","87.8","87.60","0","6","0","-0.2","6.10"
"6",518516,"Madison Bumgarner","33","18.18","0.333","1.000","0.000","1.333","0.667","0.616","0.373","2","6","91.8","26.8","2281","90.1","88.83","0","6","0","-1.3","5.70"
"6",595191,"Jerad Eickhoff","31","19.35","0.200","0.000","0.200","0.200","0.150","0.191","0.212","1","5","59.6","-7.7","2300","89.6","89.43","0","6","0","-0.2","6.21"
"6",607536,"Kyle Freeland","39","15.38","0.400","0.000","0.400","0.400","0.300","0.226","0.264","2","5","72.1","-21.1","2140","87.5","87.65","0","6","0","0.1","6.23"
"6",592826,"Vince Velasquez","20","30.00","0.333","0.000","0.333","0.333","0.300","0.330","0.331","2","6","91.2","3.9","2247","89.8","90.71","0","6","0","0.9","6.00"
"5",605200,"Zach Davies","28","17.86","0.000","0.000","0.000","0.000","0.000","0.150","0.163","0","4","78.3","8.9","2260","93.5","92.88","0","5","0","-0.6","6.05"
"5",607229,"Robert Gsellman","27","18.52","0.250","0.000","0.250","0.250","0.180","0.328","0.361","1","4","83.3","-8.9","2303","89.0","85.12","0","5","0","-3.9","6.13"
"5",534947,"Tim Adleman","11","45.45","0.250","0.250","0.250","0.500","0.250","0.172","0.149","1","4","63.0","-23.0","2068","91.5","91.11","0","5","0","-0.4","6.04"
"5",605400,"Aaron Nola","27","18.52","0.200","0.000","0.200","0.200","0.180","0.204","0.218","1","5","84.4","-18.4","2326","94.1","93.89","0","5","0","-0.2","6.40"
"5",407793,"John Lackey","25","20.00","0.500","0.000","0.500","0.500","0.360","0.411","0.486","2","4","79.3","3.1","2388","89.8","88.54","0","5","0","-1.3","5.85"
"5",622608,"Antonio Senzatela","36","13.89","0.000","0.000","0.000","0.000","0.000","0.107","0.075","0","2","51.9","-25.5","2151","88.0","87.22","0","5","0","-0.8","5.74"
"5",641771,"Chad Kuhl","22","22.73","0.000","0.000","0.000","0.000","0.000","0.115","0.088","0","4","64.5","-17.2","1964","86.6","84.41","0","5","0","-2.2","5.19"
"5",572204,"Trayce Thompson","33","15.15","0.000","0.000","0.000","0.000","0.000","0.124","0.133","0","5","77.7","3.6","1950","89.0","88.80","0","5","0","-0.2","6.22"
"5",543037,"Gerrit Cole","23","21.74","0.250","0.000","0.250","0.250","0.180","0.176","0.201","1","4","75.5","-14.7","2104","87.1","87.09","0","5","0","0.0","6.23"
"5",488818,"Chase d'Arnaud","45","11.11","0.600","0.000","0.600","0.600","0.540","0.231","0.250","3","5","84.0","7.0","1966","88.4","88.06","0","5","0","-0.3","6.13"
"5",502188,"Jeff Samardzija","30","16.67","0.000","0.000","0.000","0.000","0.000","0.217","0.188","0","5","74.5","-22.2","2081","93.6","93.47","0","5","0","-0.1","6.13"
"5",592789,"Noah Syndergaard","47","10.64","0.500","0.000","0.500","0.500","0.360","0.381","0.431","2","4","91.4","1.1","2150","91.9","91.57","0","5","0","-0.3","6.38"
"4",621389,"Ty Blach","12","33.33","0.333","0.333","0.250","0.667","0.313","0.384","0.320","1","3","87.1","13.4","2181","91.8","91.06","0","4","0","-0.7","6.01"
"4",622194,"Bruce Maxwell","27","14.81","0.500","0.000","0.500","0.500","0.450","0.491","0.498","2","4","74.2","3.2","2349","81.4","81.16","0","4","0","-0.2","6.16"
"4",452657,"Jon Lester","48","8.33","0.000","0.000","0.000","0.000","0.000","0.127","0.136","0","4","76.8","-15.5","2141","89.0","88.33","0","4","0","-0.7","6.04"
"4",600303,"Tommy La Stella","28","14.29","0.250","0.250","0.250","0.500","0.313","0.253","0.254","1","4","87.6","20.7","2507","87.1","85.63","0","4","0","-1.5","5.79"
"4",591994,"Willy Garcia","32","12.50","0.500","0.250","0.500","0.750","0.538","0.432","0.376","2","4","95.6","4.1","2117","91.3","90.41","0","4","0","-0.9","6.04"
"4",502624,"Chase Anderson","28","14.29","0.000","0.000","0.000","0.000","0.000","0.086","0.089","0","4","82.3","-9.0","2116","89.0","88.26","0","4","0","-0.7","5.99"
"4",474463,"Brett Anderson","27","14.81","0.250","0.000","0.250","0.250","0.225","0.161","0.173","1","4","78.4","-24.1","2079","93.2","93.73","0","4","0","0.5","6.59"
"4",592731,"Steve Selsky","44","9.09","0.250","0.250","0.250","0.500","0.313","0.557","0.440","1","4","87.4","5.9","2296","89.4","88.78","0","4","0","-0.6","5.85"
"4",519076,"Jimmy Nelson","50","8.00","0.000","0.000","0.000","0.000","0.000","0.084","0.074","0","3","66.1","-26.4","1973","88.5","87.68","0","4","0","-0.8","5.88"
"4",534606,"Ryan LaMarre","23","17.39","0.000","0.000","0.000","0.000","0.000","0.162","0.174","0","4","76.2","-5.2","2089","89.1","89.27","0","4","0","0.2","6.28"
"4",607237,"Amir Garrett","28","14.29","0.000","0.000","0.000","0.000","0.000","0.077","0.082","0","4","63.1","-10.7","2071","91.7","91.51","0","4","0","-0.2","6.28"
"4",542194,"Christian Bethancourt","25","16.00","0.250","0.000","0.250","0.250","0.225","0.319","0.215","1","4","96.0","30.0","2396","87.5","86.28","0","4","0","-1.2","5.62"
"4",605232,"Brandon Finnegan","24","16.67","0.000","0.000","0.000","0.000","0.000","0.375","0.486","0","3","77.4","-6.4","2086","87.6","92.29","0","4","0","4.7","6.33"
"4",543294,"Kyle Hendricks","30","13.33","0.500","0.000","0.500","0.500","0.450","0.203","0.215","2","4","66.2","-4.8","2218","90.7","89.53","0","4","0","-1.2","5.79"
"4",573185,"Dan Straily","28","14.29","0.000","0.000","0.000","0.000","0.000","0.214","0.248","0","3","72.3","-6.6","2218","88.2","86.89","0","4","0","-1.3","5.65"
"3",592351,"Jon Gray","17","17.65","0.000","0.000","0.000","0.000","0.000","0.056","0.060","0","3","67.4","-0.2","2254","91.4","91.10","0","3","0","-0.3","6.25"
"3",571946,"Shelby Miller","42","7.14","0.000","0.000","0.000","0.000","0.000","0.312","0.332","0","3","91.7","11.3","2377","88.2","87.24","0","3","0","-1.0","5.91"
"3",435622,"Ian Desmond","19","15.79","0.333","0.000","0.333","0.333","0.300","0.516","0.547","1","3","104.1","2.0","2326","87.9","87.81","0","3","0","-0.1","6.20"
"3",112526,"Bartolo Colon","30","10.00","0.000","0.000","0.000","0.000","0.000","0.066","0.071","0","3","68.0","3.1","2223","91.3","90.67","0","3","0","-0.6","6.22"
"3",621471,"Boog Powell","16","18.75","0.000","0.000","0.000","0.000","0.000","0.167","0.179","0","3","85.9","17.5","2343","84.0","83.19","0","3","0","-0.8","5.72"
"3",543408,"Tom Koehler","30","10.00","0.333","0.000","0.333","0.333","0.300","0.272","0.293","1","3","76.0","-11.2","2129","89.7","89.29","0","3","0","-0.4","6.04"
"3",606131,"Luis Perdomo","18","16.67","0.000","0.000","0.000","0.000","0.000","0.075","0.058","0","3","82.8","24.7","2417","87.0","85.08","0","3","0","-1.9","5.25"
"3",543045,"Adam Conley","26","11.54","0.333","0.000","0.333","0.333","0.300","0.325","0.351","1","3","79.7","-18.7","2184","93.7","93.83","0","3","0","0.1","6.60"
"3",543548,"Tommy Milone","15","20.00","0.000","0.000","0.000","0.000","0.000","0.241","0.259","0","3","88.1","-17.9","2124","86.7","86.38","0","3","0","-0.3","6.02"
"3",450308,"Jered Weaver","25","12.00","0.000","0.000","0.000","0.000","0.000","0.194","0.140","0","3","73.2","13.5","2211","92.3","92.24","0","3","0","-0.1","5.96"
"3",571912,"Luke Maile","12","25.00","0.000","0.000","0.000","0.000","0.000","0.138","0.142","0","3","82.8","4.8","2515","84.0","82.46","0","3","0","-1.5","5.37"
"3",435221,"Brandon McCarthy","36","8.33","0.500","0.000","0.500","0.500","0.300","0.185","0.228","1","2","63.2","-28.5","2202","85.0","84.63","0","3","0","-0.4","6.23"
"3",490063,"Matt Garza","14","21.43","0.333","0.000","0.333","0.333","0.300","0.225","0.241","1","3","87.6","-12.1","2141","92.2","91.90","0","3","0","-0.3","6.29"
"3",592314,"Mike Foltynewicz","27","11.11","0.000","0.000","0.000","0.000","0.000","0.119","0.092","0","2","72.5","5.6","2195","83.3","82.48","0","3","0","-0.8","5.85"
"3",492841,"Michael Martinez","19","15.79","0.500","0.500","0.500","1.000","0.417","0.399","0.539","1","2","70.0","-2.8","2200","90.3","90.19","0","3","0","-0.1","6.28"
"3",545346,"Zach Lee","7","42.86","0.000","0.000","0.000","0.000","0.000","0.089","0.095","0","3","72.6","-41.9","2261","91.4","91.89","0","3","0","0.5","6.42"
"3",502009,"Mat Latos","6","50.00","0.000","0.000","0.000","0.000","0.000","0.287","0.291","0","3","82.4","15.6","2083","95.7","93.79","0","3","0","-1.9","5.33"
"3",519023,"Devin Mesoraco","34","8.82","0.667","0.000","0.667","0.667","0.600","0.363","0.372","2","3","81.0","-0.5","2131","91.7","90.49","0","3","0","-1.2","5.76"
"3",608700,"Kevin Plawecki","15","20.00","0.333","0.000","0.333","0.333","0.300","0.169","0.182","1","3","94.3","9.6","2466","95.1","94.25","0","3","0","-0.9","6.19"
"3",607192,"Tyler Glasnow","15","20.00","0.000","0.000","0.000","0.000","0.000","0.085","0.069","0","2","66.8","-28.5","2059","88.3","89.08","0","3","0","0.8","6.78"
"3",612672,"Wei-Yin Chen","24","12.50","0.333","0.000","0.333","0.333","0.300","0.117","0.112","1","3","72.7","9.0","2271","89.9","90.07","0","3","0","0.2","6.58"
"3",547179,"Michael Lorenzen","15","20.00","0.333","1.000","0.000","1.333","0.667","0.654","0.363","1","3","86.2","-7.1","1939","83.7","83.24","0","3","0","-0.5","6.03"
"3",570632,"Jose Urena","13","23.08","0.000","0.000","0.000","0.000","0.000","0.130","0.139","0","3","63.5","12.9","2155","92.8","92.02","0","3","0","-0.8","5.98"
"2",608379,"Michael Wacha","24","8.33","1.000","0.000","1.000","1.000","0.450","0.205","0.302","1","1","68.7","-22.5","1960","83.4","82.86","0","2","0","-0.5","5.74"
"2",640447,"Phillip Ervin","15","13.33","0.000","0.000","0.000","0.000","0.000","0.067","0.072","0","2","58.6","-33.1","2167","91.6","90.66","0","2","0","-0.9","6.20"
"2",543734,"Chris Rusin","6","33.33","0.500","0.000","0.500","0.500","0.450","0.563","0.586","1","2","94.4","3.9","2223","84.3","83.98","0","2","0","-0.3","6.11"
"2",592685,"Drew Robinson","7","28.57","0.000","0.000","0.000","0.000","0.000","0.064","0.067","0","2","62.3","-1.4","1894","87.3","87.48","0","2","0","0.2","6.39"
"2",592710,"Josh Rutledge","16","12.50","0.000","0.000","0.000","0.000","0.000","0.172","0.188","0","2","98.4","-21.6","2731","85.7","84.76","0","2","0","-0.9","5.90"
"2",545333,"Trevor Bauer","9","22.22","0.000","0.000","0.000","0.000","0.000","0.233","0.251","0","2","98.5","-11.3","2412","90.4","90.14","0","2","0","-0.3","6.09"
"2",518649,"Brett Eibner","18","11.11","0.500","0.000","0.500","0.500","0.450","0.235","0.255","1","2","100.1","-11.9","2112","80.5","79.87","0","2","0","-0.6","5.74"
"2",628711,"Julio Urias","6","33.33","0.000","0.000","0.000","0.000","0.000","0.099","0.075","0","1","62.0","-29.8","2239","89.8","87.66","0","2","0","-2.1","5.66"
"2",596271,"Casey Lawrence","8","25.00","0.000","0.000","0.000","0.000","0.000","0.093","0.062","0","1","53.6","-37.5","2305","87.4","87.23","0","2","0","-0.2","6.03"
"2",608566,"German Marquez","11","18.18","0.000","0.000","0.000","0.000","0.000","0.090","0.075","0","1","60.6","-45.2","2042","85.2","85.01","0","2","0","-0.2","6.10"
"2",622072,"Alex Wood","35","5.71","0.000","0.000","0.000","0.000","0.000","0.113","0.122","0","2","86.7","-17.8","2193","85.8","84.25","0","2","0","-1.5","5.18"
"2",592866,"Trevor Williams","4","50.00","0.000","0.000","0.000","0.000","0.000","0.152","0.149","0","2","84.0","1.0","1669","89.1","87.75","0","2","0","-1.3","5.78"
"2",621107,"Zach Eflin","23","8.70","0.000","0.000","0.000","0.000","0.000","0.082","0.039","0","1","54.7","-32.6","2416","84.3","82.99","0","2","0","-1.3","5.52"
"2",430912,"Matt Cain","27","7.41","0.500","0.500","0.500","1.000","0.625","0.631","0.597","1","2","83.9","18.5","2195","93.0","92.70","0","2","0","-0.3","6.28"
"2",622441,"Rafael Bautista","5","40.00","0.000","0.000","0.000","0.000","0.000","0.100","0.103","0","2","91.4","13.2","1789","77.2","76.95","0","2","0","-0.2","5.88"
"2",574847,"Rob Segedin","15","13.33","0.500","0.000","0.500","0.500","0.450","0.341","0.365","1","2","71.5","-26.0","2046","87.2","86.36","0","2","0","-0.8","5.90"
"2",608703,"Matt Reynolds","20","10.00","0.500","0.000","0.500","0.500","0.450","0.435","0.436","1","2","89.0","7.3","2031","89.1","89.40","0","2","0","0.3","6.59"
"2",548389,"Ross Stripling","5","40.00","0.000","0.000","0.000","0.000","0.000","0.109","0.072","0","2","79.0","47.2","2214","91.6","90.69","0","2","0","-0.9","5.98"
"2",489119,"Wade Miley","8","25.00","0.000","0.000","0.000","0.000","0.000","0.123","0.133","0","2","78.7","-24.5","2275","81.7","80.80","0","2","0","-0.9","6.18"
"2",446372,"Corey Kluber","11","18.18","0.500","0.000","0.500","0.500","0.450","0.294","0.313","1","2","86.9","24.5","2280","92.6","93.07","0","2","0","0.5","6.63"
"2",545363,"Jacob Turner","4","50.00","0.000","0.000","0.000","0.000","0.000","0.117","0.113","0","1","53.0","-18.6","2208","91.8","91.75","0","2","0","-0.1","5.97"
"1",448855,"Junior Guerra","1","100.00","null","null","null","null","0.000","0.179","null","0","0","38.1","-46.7","1924","90.5","90.95","0","1","0","0.5","6.83"
"1",282332,"CC Sabathia","5","20.00","0.000","0.000","0.000","0.000","0.000","0.022","0.022","0","1","71.7","57.9","2411","94.4","97.50","0","1","0","3.1","null"
"1",570810,"Lisalverto Bonilla","1","100.00","0.000","0.000","0.000","0.000","0.000","0.081","0.061","0","1","88.2","27.8","2374","91.0","90.04","0","1","0","-1.0","6.06"
"1",605538,"Matt Wisler","4","25.00","0.000","0.000","0.000","0.000","0.000","0.061","0.065","0","1","86.9","-36.9","2277","91.9","91.23","0","1","0","-0.7","6.15"
"1",606959,"Rookie Davis","12","8.33","1.000","1.000","1.000","2.000","1.250","0.223","0.161","1","1","92.1","26.4","2133","88.5","87.82","0","1","0","-0.7","6.25"
"1",608385,"Jesse Winker","5","20.00","1.000","1.000","1.000","2.000","1.250","0.814","0.887","1","1","68.3","28.5","2275","93.0","92.81","0","1","0","-0.2","6.15"
"1",572669,"Lane Adams","9","11.11","1.000","0.000","1.000","1.000","0.900","0.493","0.527","1","1","89.2","6.7","2415","90.6","91.23","0","1","0","0.6","6.49"
"1",453281,"Wade LeBlanc","12","8.33","0.000","0.000","0.000","0.000","0.000","0.066","0.069","0","1","81.6","-24.8","2268","93.9","93.20","0","1","0","-0.7","6.00"
"1",434622,"Ubaldo Jimenez","9","11.11","1.000","0.000","1.000","1.000","0.900","0.588","0.624","1","1","92.3","7.9","1970","88.7","88.20","0","1","0","-0.5","6.07"
"1",519322,"Drew Storen","3","33.33","0.000","0.000","0.000","0.000","0.000","0.109","0.116","0","1","36.7","20.7","2135","94.2","93.68","0","1","0","-0.5","6.28"
"1",543054,"Jarred Cosart","6","16.67","0.000","0.000","0.000","0.000","0.000","0.128","0.139","0","1","41.0","-39.0","2290","93.1","93.37","0","1","0","0.3","6.74"
"1",543148,"Tim Federowicz","10","10.00","0.000","0.000","0.000","0.000","0.000","0.685","0.743","0","1","74.9","14.6","2285","89.3","86.69","0","1","0","-2.6","5.11"
"1",573186,"Marcus Stroman","5","20.00","1.000","1.000","1.000","2.000","1.250","0.512","0.464","1","1","96.3","17.3","1621","81.9","80.62","0","1","0","-1.3","5.46"
"1",643393,"Tony Kemp","8","12.50","0.000","0.000","0.000","0.000","0.000","0.316","0.336","0","1","89.9","-0.9","2163","92.3","93.29","0","1","0","1.0","6.50"
"1",605388,"Adam Morgan","12","8.33","1.000","0.000","1.000","1.000","0.900","0.822","0.858","1","1","91.9","12.6","2241","94.8","93.58","0","1","0","-1.2","6.13"
"1",622666,"Johan Camargo","17","5.88","1.000","0.000","1.000","1.000","0.900","0.316","0.333","1","1","87.8","-0.2","1878","93.7","93.72","0","1","0","0.0","6.63"
"1",592127,"Johnny Barbato","5","20.00","0.000","0.000","0.000","0.000","0.000","0.459","0.406","0","1","94.9","17.6","2323","92.3","90.29","0","1","0","-2.0","5.37"
"1",592332,"Kevin Gausman","5","20.00","0.000","0.000","0.000","0.000","0.000","0.051","0.054","0","1","73.3","-27.0","1982","81.6","80.16","0","1","0","-1.4","5.31"
"1",543475,"Jordan Lyles","4","25.00","0.000","0.000","0.000","0.000","0.000","0.088","0.096","0","1","94.3","-32.5","1802","87.7","87.26","0","1","0","-0.4","6.19"
"1",628452,"Raisel Iglesias","2","50.00","1.000","1.000","1.000","2.000","1.250","0.596","0.482","1","1","99.8","17.9","2099","89.9","89.04","0","1","0","-0.9","5.87"
"1",517414,"Randall Delgado","2","50.00","0.000","0.000","0.000","0.000","0.000","0.598","0.633","0","1","105.2","5.1","2549","91.8","91.99","0","1","0","0.2","6.33"
"1",519294,"Josh Smoker","2","50.00","0.000","0.000","0.000","0.000","0.000","0.218","0.232","0","1","88.4","-5.3","null","77.9","75.81","0","1","0","-2.1","5.45"
"1",554374,"Ariel Hernandez","3","33.33","0.000","0.000","0.000","0.000","0.000","0.046","0.050","0","1","81.8","-37.5","2210","92.2","91.79","0","1","0","-0.4","6.18"
"1",621566,"Matt Olson","12","8.33","0.000","0.000","0.000","0.000","0.000","0.134","0.144","0","1","89.3","-14.1","null","86.5","85.15","0","1","0","-1.4","5.35"
"1",573064,"Vidal Nuno","3","33.33","0.000","0.000","0.000","0.000","0.000","0.614","0.658","0","1","77.0","23.4","2019","83.4","82.14","0","1","0","-1.3","5.64"
"1",543219,"Sean Gilmartin","1","100.00","1.000","1.000","1.000","2.000","1.250","0.449","0.407","1","1","93.8","18.2","1927","90.5","92.36","0","1","0","1.9","6.99"
"1",407822,"Jorge De La Rosa","1","100.00","null","null","null","null","0.000","0.128","null","0","0","41.0","-39.0","2583","93.9","92.85","0","1","0","-1.0","5.82"
"1",502205,"Grant Green","11","9.09","0.000","0.000","0.000","0.000","0.000","0.022","0.016","0","1","89.0","39.0","null","null","null","0","1","0","null","null"